0901500011318,0901600010603,0901600010764,0900700012475,0901500010998,0901600010779,0901500010818,0901500010945,090150001056A,0901500010856,0900400010369,090150001095A,0901500011214,0901000011542,0901000011059,0901500010771,0901500011110,0901500010767,0901500010748,0901400010219
241738.7956454159,201185.0070771707,179756.83035557764,283396.6895786191,172863.82902406226,172346.69713487232,211839.93835795642,222865.70066086948,267913.279081568,245981.88967087716,308184.4939766349,303325.1032765012,219077.05193266575,157112.4523790633,241938.7055700157,193737.30127089372,211829.7214793263,220118.27141372708,267016.36394331825,217059.3781708648
358667.74055337696,292162.24089657096,250738.29711414612,507543.6365482834,255105.60256157862,241547.02855307993,327438.2357567531,326285.100441386,408456.7451690036,368489.92902471824,397198.4406837473,448310.81549656054,330991.05113046017,209497.8121846228,380440.2984096506,302062.3977564813,322644.49314739177,338181.24296609755,406061.82250892144,336641.3190971693
413112.406703839,330505.39108132594,274359.3450152789,683255.4159220483,292374.95180721313,265317.04588950484,389888.9935136614,371494.7181238398,481006.6225235939,427534.0755430966,408414.0428570876,514408.3503642324,386892.2232535457,221526.46447217953,460727.4664190506,362288.3787722145,379657.4238531376,400658.2115625035,477014.35601572704,402616.7413069195
436272.9351057762,343338.1684556938,276516.2873533174,830176.6527516815,307260.17308836256,268314.48060788895,424131.76931219426,388084.3973860861,518209.75285608263,454284.9158817793,389769.4859754622,541145.7192035912,413984.2692679686,216873.32934197463,509876.007439273,396721.06063241576,408689.71976071585,433863.69792125333,512586.95183514216,440247.0383233405
443665.2104957953,343761.3687014197,269034.8327575746,961906.1923845282,310925.78800279467,261877.0451300733,443343.1355420996,390517.67920923675,536965.1049161911,464484.1380287484,360671.8125272235,548105.8472134247,426157.22772343835,205608.757309774,542459.5514112444,417296.77506414,423081.543300432,451579.39122861077,529660.8479504308,462891.6573528197
443021.25162316544,338166.48339494586,257431.70933191097,1086532.452121858,308911.7403850622,251324.45091347693,454362.20406634384,385913.9565245904,545932.7737211126,466062.7899601186,329210.97648300824,545022.6219989131,430460.522023894,192142.10343085884,566128.7388614502,430260.82385546947,429656.69002820866,460919.1717231138,536866.2567953176,477489.7358821812
438214.8843970293,329696.76365170185,244299.8886531768,1208469.2818999095,303985.27887323586,239172.9187096127,460729.5202643417,377804.20258449076,549556.1495091482,463034.82312059967,298687.5373936278,536766.0215826314,430480.5326978486,178394.6768925449,584860.4218505119,438864.43997935473,431908.2398067829,465551.8100828729,538622.0633004077,487629.77131267043
431208.11826863367,319914.54192377126,230859.42748342286,1329880.681947112,297545.6937572827,226616.45276840872,464291.5022454621,367960.8753285863,550137.7454852986,457456.3069605797,270337.76531215775,525803.0058096295,428060.5147193801,165174.52622730483,600713.6227402657,444809.0648152768,431640.8601326538,467385.94472034165,537214.6645268637,495173.79810881824
423014.93307239795,309609.35152795725,217680.86548769422,1451608.4957219756,290316.26014225953,214220.89282311348,466030.710917881,357292.1081937044,548896.7255210968,450405.447017202,244511.9079415488,513411.56861679646,424168.5998037058,152790.21641707135,614755.7677224411,449001.13889759907,429806.8925445563,467436.10604906024,533854.5440318524,501100.5241907114
414177.6934756525,299190.4240753162,205025.34305529698,1573743.886670489,282684.67724554875,202251.47438520862,466490.9742905885,346278.7962736214,546503.8728310585,442470.8183637209,221190.1858704344,500278.7947568532,419333.4642233633,141328.18500635886,627545.7469092857,451941.68263111345,426928.96266755374,466263.72577085573,529209.4768278769,505938.84299011587
405002.159984651,288877.49404981954,193005.25068425157,1695972.1260686023,274870.2850512434,190828.06842076837,465993.32363014494,335188.1258710028,543350.7960123988,433993.7181131168,200208.938320792,486794.9230228048,413861.9718329079,130778.5472048164,639383.9728993061,453925.55008029484,423312.35253791313,464200.1221772606,523672.0842766458,509989.20392141526
395673.18549124873,278793.6950053881,181660.4616024646,1817778.9579101691,267006.0818952315,179999.07393600614,464744.8029655078,324177.87389761576,539684.7730078599,425188.0653395681,181358.74500824028,473197.71605216427,407947.38391823875,121092.05161510064,650440.9069651704,455142.4252504461,419151.0956101381,461458.4642309774,517493.35238421906,513435.8949943234
386311.6157895875,269010.9792502764,170994.77716336344,1938573.5380900223,259178.96196024647,169776.84896068607,462892.7958115997,313347.4565919825,535676.022317349,416199.58069220907,164425.8887032254,459643.34915840847,401722.9014857253,112205.65717881887,660822.5217742941,455727.4709273761,414580.6388500141,458189.5638265624,510848.89870353846,516403.5363047534
377002.3321348849,259572.55504621024,160993.5911076144,2057761.030411895,251449.5467363213,160154.9375469024,460551.8536303588,302763.1000031806,531451.1872373114,407135.0164088594,149208.84159499852,446241.37858806795,395288.0558656739,104053.81160117433,670603.1943755553,455786.38444962667,409703.81184508686,454509.4517838862,503871.71596205205,518985.2054403594
367808.2045330142,250504.21593330856,151632.6631884385,2174784.514831922,243862.10058936581,151116.66157257993,457816.78541160317,292470.48182095424,527110.0482445105,398076.71527043515,135523.86980711122,433072.24197997974,388721.71881955967,96573.23626739412,679841.878474018,455407.57949665404,404603.57584323204,450512.91431595915,496668.34773242846,521256.24675254105
358777.2123486882,241820.3018926907,142882.65595055372,2289147.9062006385,236449.65654492698,142639.59225909406,454768.9841966793,282501.3296168563,522733.9892450229,389090.04666385346,123206.01514140847,420196.3161257218,382088.5909010511,89704.78451402031,688589.7719688402,454667.99174542225,399349.3065008671,446280.138535535,489326.9729582966,523280.93713233806
349946.2768458653,233527.05505600956,134711.62256722286,2400426.9399389904,229236.84132764617,134698.0285288426,451479.4999711117,272877.10788698506,518390.4606437683,380227.422157089,112108.21661414247,407658.9175762867,375442.56026547286,83393.99983193044,696893.7266761729,453635.8031871526,393999.97162854444,441880.0438399204,481921.60498378717,525115.6506943114
341343.52164704504,225624.69232504867,127086.47447488138,2508272.5829469636,222241.59684500805,127264.48346575661,448010.60351702233,263611.2944533144,514135.5296231428,371530.68703731406,102099.77536026866,395493.35671892343,368828.59146547446,77591.11221201552,704797.5858562924,452371.7366463401,388605.8581124316,437372.0677326558,474514.4673546783,526810.3573160488
332989.780461557,218108.8235691687,119973.91418306851,2612409.645920894,215476.3658680708,120310.65104055709,444416.6914655903,254710.95674465236,510015.53147473594,363032.7449046273,93064.67404602886,383723.04662631283,362283.9418973707,72250.8048144945,712342.5653296472,450929.73257983406,383209.6471588799,432807.26369732124,467157.5387582323,528409.3670142693
324899.7351352921,210971.5123335624,113341.06492841741,2712632.4241595664,208949.0056508424,113808.0777845048,440744.93286854925,246177.9592292438,506068.30153608497,354758.8135514936,84899.95688796166,372363.1318255555,355839.07818945544,67331.89831680717,719567.2391215947,449357.39416540787,377847.2119767462,428229.1134233087,459893.7299129525,529951.7627803099
317082.8575017735,204202.11907791364,107155.910917105,2808798.60319362,202663.54851281858,107728.64903846428,437035.83414371556,238009.95370886428,502324.20547183376,346727.48954636545,77514.24404639889,361421.8467864967,349518.45771976816,62797.0167707293,726507.4033901114,447696.37289839983,372548.30350579123,423674.23116499203,452757.8968786581,531471.7276150086
309544.23004799854,197787.99396291247,101387.60728132808,2900822.280258542,196620.86118154,102044.94624195382,433323.7908259862,230201.22105326084,498807.0601271736,338951.6953958434,70826.39836705301,350901.695287298,343341.2420316035,58612.26149972356,733195.944534754,445982.76188606047,367337.1899260577,419173.02996753494,445777.7724147977,532998.8536529925
302285.27588804445,191715.05305056376,96006.69352151034,2988666.688933195,190819.22474090222,96730.50722296591,429637.6442204759,222743.3958536272,495534.97930097417,331439.5367894932,64764.34018535126,340800.488979,337321.9641782374,54746.90321710499,739662.7622021874,444247.5144688412,362233.26992151665,414750.3697996057,438974.84128307126,534558.4642155387
295304.4097670226,185968.25722079154,90985.23221426677,3072337.0264773266,185254.84465334634,91760.01002601511,426001.2396884652,215626.0899004647,492521.1539645904,324195.07840961125,59263.99805171136,331112.2616712589,331471.15339480026,51173.09557963464,745934.7606777583,442516.8842429671,357251.6604814,410426.1867664845,432365.1623526623,536171.9534455254
288597.61495836265,180532.00695353094,86296.88877541383,3151873.6462482857,179922.29593110766,87109.39524173448,422433.97601979575,208837.4245234923,489774.56734729384,317219.04039089975,54268.38134686838,321828.0681643869,325795.9141776721,47865.610550595884,752035.9047252097,440812.8748490147,352403.7535205527,406216.0955597968,425960.132760262,537857.1374487755
282158.94924736425,175390.46358256982,81916.96472218013,3227345.7764676786,174814.90751954407,82755.9387740481,418951.3345829196,202364.48005142316,487300.6432901457,310509.4165553221,49726.761176462576,312936.6747224246,320300.4560098726,44801.5948661092,757987.3287573401,439153.68673854927,347697.73482806946,402131.95657927165,419767.1886142251,539628.6076610056
275980.98351738905,170527.80649193499,77822.39468778814,3298845.852454331,169925.09017117883,78678.28503319228,415565.3788818454,196193.6703624199,485101.82711255713,304062.0165965165,45593.94712176594,304425.14871173806,314986.57126755506,41960.34653472522,763807.4862382738,437554.14981169236,343139.06037392863,398182.4009799314,413790.438614478,541498.0774100212
270055.1773138106,165928.4350357682,73991.71576799575,3366484.4960149685,165244.61257603153,74856.44905190237,412285.21791402623,190311.05056683067,483178.0999390007,297870.93588267063,41829.648761637,296279.355828566,309854.060705452,39323.110207061734,769512.3267521248,436026.1334663114,338730.887168898,394373.30943962856,408031.2295081111,543474.7142858356
264372.19654371275,161577.1233378378,70405.01636820709,3430386.1383379595,160764.8308907277,71271.79474371386,409117.4294416687,184702.56584941963,481527.429110573,291928.95783841575,38397.91214642411,288484.374033452,304901.10765884013,36872.89024871606,775115.4898028531,434578.92831709463,334474.457942957,390708.2428821743,402488.6446498215,545565.452948747
258922.17896780753,157459.1354484546,67043.87047962518,3490685.257790318,156476.87696193554,67906.99537402751,406066.4415996599,179354.24927178898,480146.1586190525,286227.89474424574,35266.62253495278,281024.83360056666,300124.60346186254,34594.28036949625,780628.5063931997,433219.5962367105,330369.44059445756,387188.8254049437,397159.9387708793,547775.2849226731
253694.95332844794,153560.30759529345,63891.26221574971,3547523.1884908276,152371.81047141258,64745.981276809296,403134.8730608544,174252.37590378147,479029.3443717357,280758.8732434388,32407.065698379825,273885.19258152397,295520.4275184667,32473.30868534506,786061.0013913251,431953.28730609117,326414.2245985042,383815.0811656966,392040.9133250256,550107.52354462
248680.21788070834,149867.10348943883,60931.504479248775,3601045.446997772,148440.73998625326,61773.878922826785,400323.833279948,169383.58006931754,478171.0395600347,275512.5709381868,29793.540965598542,267049.9565590986,291083.68601437507,30497.297113394787,791420.891456848,430783.5237282898,322606.17738039163,380585.7280125963,387126.23753326153,552564.0435190755
243867.68382076075,146366.64787476542,58150.154800298966,3651399.5209597973,144674.9175341681,58976.94463191669,397633.18520810927,164734.94181945716,477564.5355416492,270479.4102778131,27403.019952716968,260503.85092553735,286808.9135000484,28654.734027420694,796714.574796427,429712.4518095658,318941.8641285754,377498.4312697002,382409.7205904492,555145.4954741552
239247.18870408478,143046.74276797523,55533.93068507775,3698733.0635957317,141065.81089011804,56342.49552134388,395061.7733949141,160294.04803774014,477202.5635401449,265649.7155783508,25214.845600068238,254231.95315309515,282690.2415834088,26935.159132831588,801947.1102432661,428741.06381257833,315417.23471994966,374550.0214037845,377884.5405282621,557851.4965789402
234808.78447163626,139895.87014966353,53070.626228150315,3743192.440208098,137605.15729762096,53858.839689986125,392607.620652789,156049.03288149962,477077.4621936769,261013.83853656362,23210.466746926315,248219.7917031466,278721.5388169826,25329.05955843196,807122.3841240811,427869.3919124446,312027.7814307834,371736.6793781895,373543.43504356354,560680.7987115989
230542.80419821347,136903.18424629574,50749.031263484474,3784921.576703392,134285.00188507634,51515.20714559312,390268.0965231213,151988.60159647686,477181.3156093195,256562.2570688324,21373.20401625727,242453.41739771227,274896.52560455306,23827.776206527305,812243.2641229328,427096.6767031578,308768.67097090266,369054.09341454244,369378.85927458794,563631.4359169377
226439.91117494693,134058.49599439732,48558.85394291161,3824061.064636836,131097.7235945886,49301.682579353896,388040.0607110617,148102.04112840083,477506.0661494328,252285.65175721704,19688.043266879627,236919.4522895486,271208.86763195135,22423.4194526915,817311.7399094326,426421.51276577875,305634.85415552265,366497.5906894159,365383.11509823764,566700.8530053529
222491.1334579035,131352.2518017717,46490.64732493674,3860747.4821570013,128036.05103044011,47209.14076718666,385919.984494153,144379.22040348616,478043.6057271562,248174.96364968253,18141.4533042675,231605.12033647762,267652.25097828096,21108.793340367287,822329.0507036652,425841.9737666603,302621.1562558374,364062.2472331126,361548.456074032,569886.0171605602
218687.88657000684,128775.5083128241,44535.740318318465,3895112.895080052,125093.07026324203,45229.185119261514,383904.0528935945,140810.5826631672,478785.84894407087,244221.43665711037,16721.22492885061,226498.26352445828,264220.44171102357,19877.32747195023,827295.8002329294,425355.7194395699,299722.3507733913,361742.9790036988,357867.17170472065,573183.514371249
215021.98664061786,126319.90454060069,42686.173142241685,3927284.5069690486,122262.22629639838,43354.089697611715,381988.2501522795,137387.1318157698,479724.79098045325,240416.6473268263,15416.328746348332,221587.34649668267,260907.33242683057,18723.015855670223,832212.059722952,424960.0866472263,296933.21908362914,359534.6168039215,354331.6542411903,576589.6324054461
211485.6559087211,123977.63244038742,40934.63732792044,3957384.4314071676,119537.31961357022,41576.74486658383,380168.4308093297,134100.4144055235,480852.5527570385,236752.52435598717,14216.789472296648,216861.45223233037,257706.9778792399,17640.362025147373,837077.4596810669,424652.1665356009,294248.59810375207,357431.96740735543,350934.45084326493,580100.4319235885
208071.5222013684,121741.40676172127,39274.420186195406,3985529.563569723,116912.49897723351,39890.60662376024,378440.37840948283,130942.498492133,482161.41553184576,233221.35983947437,13113.574736053572,212310.27087490645,254613.62154065253,16624.32980489311,841891.2712892839,424428.8696028162,291663.417867227,355429.862973212,347668.3035258646,583711.8071900889
204772.61372664385,119604.43482065461,37699.353594570784,4011831.5316941915,114382.25143605116,38289.64957247765,376799.85364570876,127905.95047615244,483643.84677813493,229815.813924606,12098.496631517963,207924.08343081013,251621.71468117303,15670.299149417566,846652.4782458298,424286.9803136114,289172.73063661164,353523.2005627875,344526.17897524004,587419.5377027772
201582.3502866609,117560.38667570811,36203.76690886374,4036396.712122759,111941.39031897599,36768.32343491535,375242.63350989355,124983.810690596,485292.5189094866,226528.91426612152,11164.124475663866,203693.74173747964,248725.9293117716,14774.026535379022,851359.8398861352,424223.20270677743,286771.7329598847,351706.97332771367,341501.29001334554,591219.3319213525
198494.53181718462,115603.36606337056,34782.44377402845,4059326.294268299,109585.04184296625,35321.51296173231,373764.54282202787,122169.56840172125,487100.322173462,223354.05143575644,10303.707424658853,199610.64583040267,245921.1661326965,13931.609434957452,856011.9463872027,424234.1982708079,284455.7818735972,349976.2947221222,338587.1102187207,595106.8641440272
195503.3249924195,113727.88234713027,33430.58259155738,4080716.384162177,107308.63083521374,33944.501066114,372361.4793240747,119457.13671631338,489060.3728236075,220284.97123718762,9511.105763469832,195666.71961287878,243202.55844833967,13139.454444106232,860607.2668195919,424316.6172045663,282220.4062781512,348326.4168972877,335777.3829772669,599077.8054584174
192603.24849244175,111928.82365339946,32143.760393776403,4100658.137216026,105107.86596637088,32632.934993372397,371029.4333604658,116840.82777416642,491166.01749762765,217315.76470501625,8780.729830921578,191854.38554547584,240565.4728545588,12394.248681424186,865144.190763905,424467.1240360312,280061.3143549196,346752.74426713603,333066.12603313837,603127.8495797615
189789.1574130247,110201.4313044979,30917.899875657407,4119237.9125063517,102978.72480524084,31382.79532913078,369764.5030221379,114315.32850845989,493410.83457412984,214440.8564217439,8107.485670410333,188166.5389179954,238005.5073713117,11692.934112089793,869621.0641573583,424682.41844326135,277974.3977599235,345250.8430845265,330447.63243544975,607252.7342872659
187056.22719987197,108541.27560986302,29749.23934036869,4136537.4423066815,100917.43893492814,30190.36764739588,368562.90550388594,111875.6771795824,495788.6331482845,211654.99166565147,7486.726608931478,184596.52214039915,235518.48757986503,11032.684486685388,874036.2199834135,424959.25200714753,275955.733212367,343816.44773951254,327916.46862743533,611448.2590777134
184399.93740853813,106944.23303913453,28634.30532403459,4152634.011781091,98920.47931304824,29052.216602720575,367420.9853140618,109517.24082640256,498293.4501550516,208953.22280171386,6914.2100656030425,181138.09938612633,233100.4612274006,10410.884616942683,878388.0043653839,425294.4415244463,274001.58199646865,342445.4643798255,325467.4702979703,615710.2995740278
181816.05552494383,105406.46477246968,27569.887676827162,4167600.6447467394,96984.54201210519,27965.162276822623,366335.2198796753,107235.69373026541,500919.5460745481,206330.89524415013,6386.058977115172,177785.43183770363,230747.691680316,9825.111739631035,882674.7985746505,425684.87942097767,272108.3878097477,341133.9723586071,323095.7365080968,620034.819154603
179300.62102708506,103924.39660251644,26553.01689061254,4181506.2922397815,95106.53443871709,26926.25859839262,365302.2230071504,105026.99694876405,503661.3995751883,203783.63325025956,5898.727302993422,174533.05371721828,228456.65053886213,9273.118746179116,886895.0374164328,426127.54172757425,270272.7733183867,339878.22393303225,320796.62251473486,624417.8782061164
176849.92982431134,102494.70014738153,25580.943477211382,4194416.021303777,93283.5621004269,25932.773664589484,364318.7465878193,102887.37894664466,506513.7013842119,201307.3257485154,5448.969139551704,171375.8492302878,226224.0096681461,8752.819079373752,891047.2244114061,426619.49401423533,268491.5357188035,338674.6425681457,318565.731637728,628855.6413474318
174460.51917471632,101114.27532343322,24651.119215383747,4206391.201984446,91512.91596505203,24982.171803275247,363381.68087626353,100813.31732842457,509471.3476201849,198898.11235749075,5033.811029100315,168309.0305092455,224046.63285233697,8262.27311982443,895129.9441500899,427157.8956198441,266761.641552606,337519.8201413746,316398.9064526772,633344.3829242301
172129.15315230595,99780.23401986691,23761.180098538258,4217489.690978335,89792.06043878682,24072.097225929858,362488.0536175162,98801.52166008913,512529.43277633085,196552.36971436976,4650.527101401245,165328.11660738167,221921.56723872627,7799.675904024105,899141.8721588755,427740.0024646837,265080.22097831947,336410.51329333213,314292.21953880176,637880.4910323839
169852.80871247628,98489.88491282304,22908.93082863024,4227766.010762095,88118.6219746469,23200.359132080488,361635.028254746,96848.91735447815,515683.2425056634,194266.6982011098,4296.61672843942,162428.9135695755,219846.03470488428,7363.3460329743775,903081.7825817976,428363.1686898597,263444.56166647864,335343.63912842073,312241.96396673936,642460.4702920797
167628.66238592291,97240.71935482728,22092.33071457847,4237271.523337525,86490.37831156072,22364.918136742566,360819.9014112938,94952.63058576729,518928.2463276009,192037.9091315411,3969.7844121071776,159607.49558414146,217817.4232544601,6951.7156456643,906948.5539505184,429024.8473307111,261852.10245382652,334316.270433253,310244.64367437444,647080.9435635826
165454.0776165701,96030.39827490543,21309.48084568387,4246054.597977335,84905.2483358326,21563.873902639316,360040.0998088935,93109.97419205474,522260.09034997923,189863.01244279326,3667.9216580841776,156860.18720505468,215833.27852428638,6563.321345373619,910741.1732863234,429722.59019957145,260300.42686655937,333325.6305510593,308296.96384827734,651738.6527687236
163326.59274773748,94856.7400254936,20558.612421914724,4254160.772557605,83361.28255029564,20795.45386873574,359293.176756771,91318.43452087531,525674.5900792356,187739.20491856156,3389.090618652706,154183.5466219695,213891.29546659644,6196.795978976717,914458.7387520187,430454.0471261034,258787.2566010286,332369.08802519727,306395.8214031355,656430.458959095
161243.90965197198,93717.70911389549,19838.076133505903,4261632.908223782,81856.65413181036,20058.002975827178,358576.8083233618,89575.65916999709,529167.7233742473,185663.85895915068,3131.5093129584548,151574.34994683153,211989.310254684,5850.861180303795,918100.4610482489,431216.96468026284,257310.44503238884,331444.1511038911,304538.2956308052,661153.3417520751
159203.88299327192,92611.40575827536,19146.332492104095,4268511.337264704,80389.65055449,19349.974298528276,357888.7892830111,87879.4455747156,532735.6235852223,183634.5119033596,2893.538255780385,149029.57647976954,210125.29244767583,5524.320598308678,921665.6637277164,432009.18448318425,255867.97080680256,330548.46218078333,302721.6390735721,665904.398238725
157204.51010542066,91536.05621082,18481.943024695836,4274834.004169681,78958.6657538585,18669.920501004868,357227.0289136835,86227.73039273289,536374.5729076216,181648.85589960404,2673.6683456215387,146546.394912824,208297.33743977698,5216.053739423338,925153.7825818546,432828.64119444997,254457.93156048853,329679.7922312416,300943.2686622719,670680.8414529244
155243.92146649695,90490.00379360208,17843.562249810908,4280636.599921837,77562.19280583598,18016.48604118487,356589.54670795985,84618.57963834114,540080.9959718732,179704.7283177974,2470.5098802342172,144122.15042750095,206503.65921099033,4925.010361161187,928564.3642375085,433673.3602498859,253078.53779872722,328836.0352921762,299200.75714856654,675479.9984785095
153320.37174706731,89471.70059571296,17229.93036303906,4285952.689640966,76198.81709380879,17388.400054992468,355974.4680480463,83050.1795188215,543851.4536822425,177800.10268909024,2282.7825828603213,141754.3526407918,204742.58338957495,4650.205360866798,931897.0640858992,434541.455411859,251728.1069595608,328015.20302300155,297491.82485146116,680299.3082603374
151432.23140787228,88479.69978331713,16639.8665657768,4290813.833734475,74867.20993692275,16784.469858397642,355380.0198858264,81520.82792756078,547682.6373123364,175933.08015731958,2109.3065357731984,139440.66435389526,203012.54063111322,4390.714109590806,935151.6436524398,435431.12618372595,250405.05768005765,327215.4193769844,295814.3317307165,685136.3191758993
149577.9788218091,87512.64847734767,16072.262977378645,4295249.7027483005,73566.12265301417,16203.575010791013,354804.52646087145,80028.92655025519,551571.3628600579,174101.88142371312,1948.993929388104,137178.8910581923,201312.0603147709,4145.668186477913,938327.9675036652,436340.6551313227,249107.90427740142,326434.9154052922,294166.26979385474,689988.6864160965
147756.19289454375,86569.28115656282,15526.079076570153,4299288.186133423,72294.38103016569,15644.661888414572,354246.4050825407,78572.97354261501,555514.565661194,172304.8391648405,1800.841545470908,134966.97115388207,199639.76455396443,3914.2514738669997,941425.9997764903,437268.4051469704,247835.25145250562,325672.0242103451,292545.75583871757,694854.1692169168
145965.54615803348,85648.41354658606,15000.336623133731,4302955.495159598,71050.8801816608,15106.738721336811,353704.1619966436,77151.55674012976,559509.2952580028,170540.39090284877,1663.9239019986771,132802.9668379412,197994.36251603093,3695.696577581264,944445.8004051024,438212.8166851999,246585.7892201703,324925.17606038944,290951.02452979825,699730.6279778148
144204.79831151132,84748.9369583308,14494.115015546733,4306276.260217781,69834.57976005154,14588.871051789949,353176.3883524322,75763.34736264338,563552.7105170354,168807.0723065352,1537.3869951677793,130685.05561960724,196374.6450434961,3489.281540692008,947387.5211118989,439172.4049940944,245358.28806684093,324192.8936733791,289380.4218036588,704616.0212975073
142472.7901849969,83869.81304185289,14006.54704447641,4309273.622757738,68644.49950709614,14090.177575621177,352661.7562817831,74407.09417867775,567642.0749888476,167103.51090169608,1420.4425810414396,128611.52242331927,194779.47956803913,3294.326822424619,950251.4012208988,440145.75736168167,244151.5943346765,323473.7876751372,287832.3985965089,709508.402953486
140768.438101092,83010.06892416923,13536.815005857285,4311969.322108485,67479.71511742932,13609.826332181408,352159.0150992009,73081.61809659831,571774.752501111,165428.42016935855,1312.362945497909,126580.75224090344,193207.80530716915,3110.192516886231,953037.7633448974,441131.530393037,242964.6258287814,322766.55223424884,286305.5048853413,714405.9188477552
139090.72861164177,82168.79270192773,13084.147140730325,4314383.777427446,66339.35439496614,13147.031211214544,351666.9876286104,71785.80715181374,575948.2029758636,163780.59401088924,1212.476116585953,124591.22329671387,191658.6287328771,2936.2757889730606,955747.0089912107,442128.44733059325,241796.36764301697,322069.96087411337,284798.38403278834,719306.8039380242
137438.7135867562,81345.12926200994,12647.814372143781,4316536.1650201995,65222.59368218831,12701.048748246827,351184.56666072435,70518.61186122487,580159.9784611372,162158.90155952013,1120.1614782062459,122641.50069138584,190131.01930104638,2772.0085071985504,958379.6141250946,443135.29542749265,240645.86819871102,321382.8624609738,283309.7674249989,724209.3791707417
135811.50563465623,80538.27640519803,12227.127312234092,4318444.491266878,64128.654543599885,12271.175182636214,350710.7115429861,69279.04091807497,584407.7193669458,160562.28231849708,1034.8457482939818,120730.23049179694,188624.1054301408,2616.8550553040764,960936.1247247593,444150.92338159145,239512.23548976515,320704.17736546975,281838.4693912656,729112.0484299068
134208.27383181214,79747.48124994503,11821.433515150718,4320125.661384378,63056.80068575592,11856.743754851075,350244.4449026433,68066.1572021978,588689.1508955271,158989.74160680443,955.9992884479516,118856.1342367378,187137.0707175979,2470.310306401396,963417.1523572742,445174.2388358655,238394.63352707349,320032.89379427745,280383.38239379873,734013.2955134604
132628.23974385767,78972.03689505855,11430.114953787244,4321595.544245584,62006.335097351475,11457.12222172883,349784.849502342,66879.07408240534,593002.0796557919,157440.34629421926,883.1327152941708,117018.00382964865,185669.15038239968,2331.89774507616,965823.369800516,446204.2059494173,237292.27897476472,319368.06428764464,278943.4724759018,738911.681147211
131070.67371877645,78211.27932174908,11052.58570035655,4322869.0334683955,60976.59739390311,11071.710570439645,349331.06522670144,65716.95198940457,597344.3904520982,155913.2208082829,815.7937868399132,115214.69679156924,184219.62792244577,2201.1677243778267,968155.5067326021,447239.84304199804,236204.43797053298,318708.802378071,277517.7749568073,743805.8400446489
129534.89143485736,77464.58451701251,10688.289792722146,4323960.104978467,59966.961352556005,10699.93891366747,348882.2861975968,64578.995239181604,601714.0432377175,154407.5433966241,753.5645397121291,113445.13184916716,182787.83197558823,2077.6958459537136,970414.3455069452,448280.2203138959,235130.42312219675,318054.2794049803,276105.3903615558,748694.4780196021
128020.25068689181,76731.36580171947,10336.69927009031,4324881.871240579,58976.83262350329,10341.265550138072,348437.7580153073,63464.4490882424,606109.0702236649,152922.54262891662,696.0586555223848,111708.28483434935,181373.13337348372,1961.0814527719122,972600.7170281031,449324.4576421657,234069.59067260037,317403.7214799583,274705.480574515,753576.369157478
126526.14839503398,76011.07134807884,9997.312363196666,4325646.632344461,58005.64660540966,9995.175176087625,347996.77512225375,62372.59700345783,610527.5731339192,151457.49412359236,642.9190366933017,110003.18487351891,179974.94237776246,1850.9462249355925,974715.4967409645,450371.7224534606,233021.33782502403,316756.4065969608,273317.2652054167,758450.3530497722
125052.01782165907,75303.18187233737,9669.65182550201,4326265.924121952,57052.866473087306,9661.177234590386,347558.6782857285,61302.75813052786,614967.7205984379,150011.7174852519,593.8155739492893,108328.91084601337,178592.70608838846,1746.9328700342137,976759.6007434663,451421.22767314373,231985.10022138315,316111.66188181314,271940.0181571218,763315.3320956127
123597.32598243243,74607.20848967758,9353.263393160372,4326750.563463454,56117.9813464793,9338.804390863392,347122.8521957925,60254.28494626057,619427.7456757724,148584.57343951182,548.4430893436677,106684.58809265205,177225.90601448406,1648.703900318114,978733.9820309533,452472.2297498903,230960.34956566,315468.8609753045,270573.06438469375,768170.268873296
122161.57123864074,73922.69071928992,9047.714362650495,4327110.690993104,55200.50459076502,9027.611122751958,346688.72317436215,59226.5610809606,623905.9434974934,147175.46115279745,506.51944018823383,105069.38535662915,175874.05579830267,1555.940489733235,980639.6268784492,453524.0267546168,229946.59138520947,314827.4215442197,269215.77683575323,773014.1835840819
120744.28105863632,73249.19462852887,8752.592275981871,4327355.811253646,54299.97223811451,8727.172416583042,346255.7569914197,58218.99929824268,628400.6690270525,145783.81572532956,467.7837705902656,103482.51194021912,174536.6990834506,1468.3414045224258,982477.5513654733,454575.95655228035,228943.3629228067,314186.80291473155,267867.57356249494,777846.1515698957
119345.00993700446,72586.31110592096,8467.503704309056,4327494.830543949,53415.94152228629,8437.082559464081,345823.4567842417,57231.03962053411,632910.3349261074,144409.1058462593,431.99489850366933,101923.2150619133,173213.4075188787,1385.6220016978345,984248.7980466012,455627.3950448632,227950.23115255038,313546.50382268714,266527.9149961652,782665.3009060628
117963.33746078357,71933.65425358409,8192.073121622512,4327536.092544358,52547.989517887574,8156.9540199116,345391.361075543,56262.14758940923,637433.4095217441,143050.8316005802,398.9298272810655,100390.77739968573,171903.77889057848,1307.5132902232735,985954.4327697075,456677.75448368944,226966.79091299386,312906.0602754648,265196.30137521564,787470.8100697366
116598.8665127486,71290.8598903442,7925.941860939576,4327487.41185761,51695.7118766989,7886.416409424923,344959.0418864687,55311.81265071394,641968.4148684125,141708.52241808476,368.38237168577814,98884.51480709374,170607.4353733253,1233.761050223241,987595.5416427208,457726.48184909136,225992.6631511437,312265.04352022946,263872.2703187638,792261.905684277
115251.22160241069,70657.58415750528,7668.767146102945,4327356.105585972,50858.7216540094,7625.115518282836,344526.10294042923,54379.54665519353,646513.9248987751,140381.73515523988,340.16188919897513,97403.77418986056,169324.0218952111,1164.125005962731,989173.2281487647,458773.05729536206,225027.49327123596,311623.05811358994,262555.3945373994,797037.8603394945
113920.04731599183,70033.50221984368,7420.221192913339,4327149.023058476,50036.64821841604,7372.712419441723,344092.1779538526,53464.88246603581,651068.5636580256,139070.0523014279,314.0921082481765,95947.93153146407,168053.20460809447,1098.3780487246877,990688.6104087208,459816.9926588719,224070.9495824726,310979.7400878357,261245.27967377377,801797.9904873702
112605.00687720384,69418.30705496529,7179.990373884093,4326872.573815705,49229.136239012514,7128.882634958405,343656.9290100283,52567.37266538843,655631.0036165849,137773.08030154108,290.0100456983151,94516.39005707394,166794.6694574719,1036.3055060548904,992142.8185895374,460857.8300272013,223122.72184016966,310334.7552091199,259941.56226579874,806541.6544126023
111305.78081119675,68811.70832468456,6947.774441413878,4326532.753953468,48435.84474433288,6893.315359855069,343220.0450123253,51686.58835250771,660199.9640564078,136490.4479874264,267.7650065936979,93108.57852594041,165548.12084563312,977.7044541515883,993536.9924559923,461895.1403671324,222182.51987503545,309687.7973231385,258643.90782565373,811268.2502771113
110022.06570454597,68213.43132256511,6723.285804634848,4326135.170920903,47656.44624782368,6665.712738792029,342781.2402131825,50822.11802674949,664774.2095264518,135221.805111157,247.2176597257984,91723.94964304622,164313.28038231004,922.3830704532693,994872.2790630995,462928.52220935625,221250.07230555615,309038.58678404655,257352.00902816164,815977.2142374387
108753.57305462033,67623.21599220316,6506.24885561164,4325685.066863098,46890.62593499833,6445.789191321102,342340.25281539664,49973.56654912437,669352.548363153,133966.82097355713,228.23918313419992,90361.97858149192,163089.8857173596,870.1600237259946,996149.8305859168,463957.60038777214,220325.1253287202,308386.8689625355,256065.58400243963,820668.0186338195
107500.02820211626,67040.81601124152,6296.399340946091,4325187.3405930735,46138.08090778008,6233.270781861888,341896.84364235547,49140.554176612306,673933.8312720356,132725.1831418295,210.71047413183192,89022.16160769704,161877.6894503365,820.8638991748498,997370.8022831464,464982.0248312936,219407.44158455817,307732.4128291812,254784.37472106167,825340.1702495655
106261.1693409595,66465.9979364775,6093.483775186983,4324646.5682731215,45398.519481867894,6027.894630878944,341450.79487399734,48322.715663869145,678516.949966845,131496.59625053234,194.52141888589063,87704.01480206827,160676.45811211332,774.3326563049964,998536.3505906359,466001.46940611897,218496.7990902118,307075.00960934954,253508.14548128546,829993.2086392893
105036.74660016462,65898.54040577215,5897.25889275683,4324067.022880831,44671.66053326343,5829.408364042785,341001.9088454023,47519.69942736106,683100.8358628422,130280.78088052289,179.57021698692222,86407.07286831434,159485.9712139912,730.4131174389677,999647.6313406449,467015.63080647326,217592.9902394738,306414.47150612203,252236.68147319666,834626.7045243984
103826.52119260734,65338.23339278728,5707.491135391905,4323452.69253077,43957.2328903797,5637.569596434851,340550.0069050527,46731.16676733669,687684.4588211301,129077.47251083437,165.76275680438926,85130.88802507767,158306.02036001583,688.96048496042,1000705.7981025714,468024.2274918858,216695.82086395944,305750.6304878723,250969.78742990957,839240.2582542179
102630.2646260054,64784.8775108697,5523.956172349828,4322807.29771866,43254.9747684138,5452.145449108583,340094.92832992406,45956.791143391325,692266.8259411005,127886.42053877852,153.0120377611162,83875.02897400867,157136.40841847117,649.837885502409,1001712.0006406929,469026.9986691242,215805.10935228047,305083.3371372872,249707.2863552342,843833.4983310356
101447.75797172313,64238.28336267217,5346.438450873871,4322134.307550993,42564.63324290883,5272.912095547985,339636.52929469384,45196.2574996965,696846.9803982904,126707.38736387112,141.23763596440813,82639.07993883095,155976.94874876688,612.9159394321414,1002667.383484392,470023.703316969,214920.6858237917,304412.4595587838,248449.0183244769,848406.0799973216
100278.79118731254,63698.2709323507,5174.730774616547,4321436.955019371,41885.9637596555,5099.654335773549,339174.6818924749,44449.26163626264,701424.0003251334,125540.1475314637,130.36520991111206,81422.63977033822,154827.46448016574,578.0723541055359,1003573.084606276,471014.11925207323,214042.3913536726,303737.88234142325,247194.83935428504,852957.683883335
99123.16248898298,63164.66901740747,5008.633907919377,4320718.251375394,41218.729678292555,4932.165196035282,338709.2732045986,43715.50962287476,705996.9977322606,124384.48693223136,120.32604323989645,80225.32111262777,153687.78783901513,545.1915394751709,1004430.2342035853,471998.0422342175,213170.07724628775,303059.5055745674,245944.62033767632,857488.0147133115
97980.67777045132,62637.31469746135,4847.956204022505,4319980.99965865,40562.70184715877,4770.2455522053115,338240.2044170869,42994.717252592396,710565.1174681766,123240.20205391638,111.05662173875379,79046.74962621302,152557.75952135163,514.164244735476,1005239.9535782835,472975.28510933113,212303.60435394247,302377.2439136618,244698.24604061086,861996.8000684096
96851.15006486847,62116.052837424264,4692.513255438862,4319227.807427315,39917.65820712867,4613.703775139998,337767.3899815621,42286.60953193772,715127.5362152868,122107.09928196095,102.4982420311445,77886.56326397123,151437.22810794233,484.8872147804001,1006003.3541112607,473945.6769887153,211442.84243831557,301691.02569365926,243455.61415667017,866483.789204591
95734.39904674454,61600.73562274275,4542.127564874238,4318461.0987379495,39283.38342233032,4462.355396424833,337290.7568184482,41590.92020511,719683.461520394,120984.99424587999,94.59664956205178,76744.41159617301,150326.04951900782,457.2628653321939,1006721.5363261236,474909.0624629644,210587.66957200543,301000.79208772536,242216.63441660008,870948.7519236074
94630.25057100752,61091.222124531734,4396.628235208294,4317683.1254183855,38659.66853579784,4316.022793046134,336810.2435604216,40907.39130976356,724232.130857918,119873.71120842946,87.30170368708465,75619.95518111011,149224.0865060446,431.1989756762105,1007395.5890381259,475865.30084914307,209737.9715777752,300306.4963089843,240981.2277496587,875391.4774952854
93538.536246528,60587.37789258216,4255.850677173412,4316895.977675009,38046.31064825384,4174.534889652694,336325.7998341633,40235.772762069406,728772.8107242095,118773.08249481572,80.56706783506257,74512.86497808798,148131.2081783259,406.6083980064875,1008026.5885838672,476814.2654698355,208893.64150322095,299608.1028531784,239749.32549388244,879811.773629304
92459.09304162713,60089.07457436764,4119.636333479399,4316101.594073344,37443.11261834946,4037.7268771792537,335837.3855785612,39575.82196895049,733304.7957614487,117682.94795936983,74.34992286851575,73422.82179978213,147047.28956181242,383.4087824509878,1008615.5981274913,477755.8429627407,208054.57912872033,298905.58678022213,238520.8686525463,884209.4654946891
91391.7629192576,59596.189558307335,3987.832418233512,4315301.7709285645,36849.88278281233,3905.4399467028425,335344.97039759817,38927.30346553716,737827.4079097188,116603.15448727671,68.61070190838666,72349.51580117203,145972.21118834702,361.5223169043218,1009163.6670392237,478689.93261954346,207220.69050664417,298198.93303273286,237295.80719424743,888584.3947852682
90336.39249970786,59108.605639665315,3860.2916705977977,4314498.171140419,36266.43469506617,3777.5210374935627,334848.532946247,38289.988576034266,742339.9955859475,115533.55552910501,63.31284501995846,71292.64600246656,144905.8587131427,340.8754808500628,1009671.830342198,479616.44575284456,206391.88752993112,297488.13578971836,236074.09939418605,892936.4188293598
89292.8327488297,58626.210707579725,3736.8721217102975,4313692.332505036,35692.58688099129,3653.8225983040693,334348.0603477771,37663.65509632538,746841.932888495,114474.01066602844,58.42257227760004,70251.91984362007,143848.1225586983,321.3988124048693,1010141.1082236536,480535.3050899854,205568.08752823807,296773.197853693,234855.71121435385,897265.4097419987
88260.93868992948,58148.89745182058,3617.4368739738807,4312885.675534195,35128.16261059262,3534.2023610175265,333843.5476409506,37048.086996763464,751332.6188262529,113424.38520376525,53.908673837155355,69227.05276821008,142798.8975833963,303.02668786293805,1010572.5056067071,481446.44419265224,204749.21288998402,296054.1300695813,233640.61572046825,901571.2536180399
87240.56913759297,57676.56308797211,3501.853891887054,4312079.510810838,34572.989684432156,3418.5231258428403,333334.997255665,36443.07414371167,755811.4765711944,112384.54979338947,49.74231574748461,68217.76783460728,141758.08277314765,285.69711306219864,1010967.011779038,482349.8069011929,203935.19070870435,295330.9507738508,232428.79253361188,905853.8497645124
86231.58645183592,57209.10909982593,3389.995803655621,4311275.045907937,34026.90023376679,3306.652557309064,332822.41851566476,35848.412038504284,760277.9527333879,111354.3800772859,45.896860327486216,67223.7953525162,140725.5809545531,269.35152593344947,1011325.600074963,483245.3468026258,203125.95245222715,294603.6852723932,231220.2273146506,910113.1099706371
85233.856311085,56746.440997855156,3281.739712883099,4310473.391896239,33489.73053340959,3198.462990368617,332305.82716701395,35263.901572595336,764731.5166575502,110333.75635863212,42.34770002252628,66244.87254310261,139701.29852814876,253.93460963060275,1011649.2276075077,484133.0267213634,202321.43365327085,293872.36534574954,230014.9112796106,914348.9578139615
84247.24750259987,56288.46809271674,3176.9670196918223,4309675.569464919,32961.32082640489,3093.8312459717527,331785.2449310854,34689.348797753315,769171.6597402764,109322.56329289378,39.072103735155856,65280.74322105085,138685.145220396,239.39411567462062,1011938.8350472273,485012.8182317151,201521.57362014637,293137.0287803409,228812.84074429638,918561.3280011041
83271.63172904492,55835.10328280195,3075.5632506761135,4308882.514677778,32441.515159673832,2992.638455523078,331260.6990808806,34124.56471024427,773597.8947671403,108320.68959991689,36.0490746998323,64331.15749701268,137677.03385316103,225.68069657580406,1012195.34644466,485884.70119127614,200726.31516632548,292397.7189244385,227614.01669652693,922750.165741644
82306.88343001108,55386.26285492108,2977.417897134207,4308095.084386285,31930.161229848913,2894.769893675205,330732.22203955427,33569.365048022955,778009.7552689089,107328.02779529107,33.259219040562684,63395.87149901897,136676.88012951153,212.74774742904987,1012419.6690934359,486748.66329434514,199935.60435771086,291654.4842676644,226418.4443944565,926915.4261537348
81352.87961737327,54941.86629727104,2882.424261067127,4307314.061319547,31427.11023857308,2800.114818955201,330199.8510000701,33023.5701000237,782406.7948961633,106344.4739397424,30.684624214394045,62474.647111527214,135684.6024347327,200.55125600469842,1012612.6934312007,487604.6996445513,199149.39027651362,290907.3780428771,225226.13298953196,931057.0737000607
80409.49972344842,54501.83612389177,2790.479308470765,4306540.158870082,30932.216756592017,2708.566321756697,329663.6275649674,32487.004526708864,786788.5868116592,105369.92740539394,28.308746602891283,61567.2517308728,134700.12165153667,189.04966088381826,1012775.2929756434,488452.8123459068,198367.62480070908,290156.4578493532,224037.09517271802,935175.0816528017
79476.62546099305,54066.09770987108,2701.4835294823315,4305774.025593214,30445.338596017245,2620.0211792646373,329123.597405267,31959.497191094393,791154.7230998037,104404.2906578058,26.116307568537568,60673.45803597913,133723.3609885057,178.20371721136053,1012908.3242930496,489293.01011153293,197590.26239810395,289401.78529622586,222851.34684269677,939269.4315863125
78554.14069414814,53634.57913660719,2615.340804974374,4305016.249436816,29966.336690183223,2534.379716910952,328579.8099375917,31440.88099952881,795504.8141926597,103447.46905277601,24.093197343703935,59793.04377326373,132754.24582087167,167.97636966369512,1013012.62699693,490125.30788934167,196817.25993410597,288643.4256651972,221668.9067948194,943340.1128962664
77641.93131950323,53207.21104648469,2531.9582792189694,4304267.361717215,29495.07498056365,2451.545675988196,328032.31801862083,30930.99275155464,799838.488311923,102499.37064694834,22.226386166774965,58925.79155475256,131792.7035427933,158.33263224873093,1013089.0237743979,490949.726503983,196048.57649234176,287881.4475915853,220489.7964296543,947387.1223440565
76739.885156511,52783.926506362244,2451.246238271726,4303527.840856087,29031.420310251342,2371.426087074578,327481.1776560411,30429.67299823001,804155.3909263497,101559.90602133388,20.503842123472396,58071.48866848538,130838.66343034711,149.2394745772275,1013138.3204380919,491766.2923143991,195284.17320732068,287115.9227628141,219314.03948003944,951410.4636252894
75847.89184653963,52364.660879310766,2373.1179937500465,4302798.115892369,28575.2423235421,2293.9311489480906,326926.44773519586,29936.76590833338,808455.1842241391,100628.9881169096,18.91445519165152,57229.9269003598,129892.05651449932,140.66571426312316,1013161.3060015538,492575.03688635194,194524.0131083902,286346.9256334975,218141.66175560618,955410.1469612484
74965.84275990137,51949.35170407783,2297.4897717029507,4302078.569782337,28126.413371196642,2218.974112689753,326368.1897606726,29452.119141916057,812737.5465998049,99706.53208151084,17.447967025098166,56400.90236662251,128952.81546337387,132.58191512881865,1013158.7527760925,493375.99667932035,193768.0609742746,285574.53315631,216972.69090379777,959386.1887122444
74093.63091024393,51537.93858178861,2224.2806062907534,4301369.542500277,27684.80842098559,2146.47117069651,325806.46761210554,28975.58373070594,817002.1721550899,98792.45512728367,16.094906046350616,55584.21535627204,128020.8744731771,124.96029090844401,1013131.4164872672,494169.21274718415,193016.28319753121,284798.8245278746,215807.15618645924,963338.6110118127
73231.1508757362,51130.36306942608,2153.41223801224,4300671.33395144,27250.304973151433,2076.34135034325,325241.3473135033,28507.01396490172,821248.7702135043,97886.67639801027,14.846527450516373,54779.670182689864,127096.16916718104,117.77461415827207,1013080.0364092349,494954.73045213975,192268.64765829942,284019.88094893616,214645.0882711251,967267.4414207564
72378.298726521,50726.568579663246,2084.8090162347876,4299984.206708285,26822.78298044791,2008.5064120507873,324672.89681544696,28046.26728593002,825477.064848086,96989.11684566352,13.694757751638518,53987.075043864825,126178.63650220756,111.0001300986852,1013005.3355153068,495732.5991913133,191525.12360675473,283237.7853981231,213486.51903617906,971172.712600071
71534.9719579465,50326.50028664786,2018.3978057993008,4299308.3885803735,26402.12477244214,1942.8907515327323,324101.1857895305,27593.204184768663,829686.7944220018,96099.69911558795,12.632143530565534,53206.24189062114,125268.21468209148,104.61347512651463,1012908.0206431574,496502.87213555863,190785.6815537166,282452.6224186338,212331.48138910375,975054.4620018291
70701.06942912372,49930.105037366535,1954.1078974869615,4298644.075027686,25988.214983787533,1879.4213060089537,323526.2854344503,27147.688105467765,833877.7111416261,95218.34743974272,11.651804068653863,52436.98630230172,124364.84307763615,98.59259975020512,1012788.782673222,497265.60597995005,190050.2931688922,281664.47791721567,211180.0090970819,978912.7315771356
69876.49130639073,49537.33126823917,1891.8709221487672,4297991.431426551,25580.940486196938,1818.0274641870117,322948.26829317445,26709.585353526767,838049.5806217475,94344.98753747737,10.747387575133882,51679.127369397655,123468.46215260681,92.91669571316109,1012648.2967189113,498020.86070549785,189318.93118626956,280873.4389748346,210032.13662924917,982747.567500305
69061.13901129588,49148.1289266174,1831.620768311719,4297350.595196859,25180.190323864997,1758.6409798255522,322367.2080806516,26278.76500880991,842202.1814625727,93479.54652334537,9.913030737735559,50932.487582650545,122579.01339533737,87.56612708284835,1012487.2223273574,498768.6993516347,188591.56931620336,280079.59366846073,208887.89900993713,986559.0199084447
68254.91517274003,48762.4493968818,1773.2935030874373,4296721.677798692,24785.85565210702,1701.1958887053106,321783.17952154326,25855.09884270542,846335.3048382062,92621.95282149117,9.143321346327845,50196.89272818784,121696.43925555452,82.52236509479995,1012306.2036894849,499509.1877990386,187868.18216376478,279283.03090342507,207747.3316822805,990347.142655663
67457.7235829459,48380.24543085245,1716.8272962199949,4296104.766606089,24397.829678998478,1645.6284288441575,321196.2581974893,25438.46123925453,850448.7540963015,91772.1360861765,8.433263757994219,49472.17178828266,120820.6830860496,77.76792655164178,1012105.8698582831,500242.3945623761,187148.74515295256,278483.84025582485,206610.47038159607,994111.9930811543
66669.46915694638,48001.471082245494,1662.1623471199398,4295499.926665138,24016.007609814944,1591.8769638025997,320606.5204034367,25028.729119996075,854542.3443685877,90930.02712803867,7.778246989255302,48758.15684735817,119951.68908885334,73.28631558765035,1011886.8349742274,500968.39059256477,186433.23445638764,277682.1118244826,205477.35101797312,997853.6317904489
65890.05789530755,47626.081644926,1609.2408147409146,4294907.202343258,23640.286594086803,1539.8819089353847,320014.0430125869,24625.781872290314,858615.9021919889,90095.55784569973,7.174015237159436,48054.683002883656,119089.40226559172,69.06196861921228,1011649.6984968702,501687.24908817187,185721.62693013658,276877.9360919851,204348.00956754474,1001572.1224491391
65119.3968498231,47254.033594722845,1558.0067501640058,4294326.618876036,23270.56567509647,1489.585660453428,319418.9033495351,24229.501280902434,862669.2651400617,89268.66116236955,6.616640645787691,47361.588280834214,118233.76837172266,65.08020231090379,1011395.0454416889,502399.04531557864,185013.90005333064,276071.40379435127,203222.48197193828,1005267.5315884327
64357.39409193699,46885.28453458678,1508.4060317630554,4293758.183817716,22906.745741658324,1440.9325271682214,318821.1790711965,23839.77146264163,866702.2814644888,88449.27096710834,6.102498148447724,46678.71355540926,117384.73387437401,61.32716439577567,1011123.4466213423,503103.856437557,184310.0318722685,275262.6057989007,202100.80404543033,1008939.9284219076
63603.958683669654,46519.79314288655,1460.3863028316746,4293201.888400989,22548.729482033108,1393.868664798253,318220.94805513223,23456.47880386607,870714.8097463713,87637.32206043552,5.628242228541955,46005.902472726426,116542.24591352146,57.789787196842504,1010835.4588905483,503801.76134991704,183610.0009487089,274451.6329899114,200983.01138935625,1012589.3846728716
62859.000650840135,46157.51912465092,1413.8969115596674,4292657.708811469,22196.42133983927,1348.3420127238264,317618.2882949073,23079.51190067736,874706.7185570747,86832.75010399184,5.190785453864384,45343.0013782276,115706.25226626346,54.45574370475639,1010531.625393851,504492.8405258982,182913.78631207865,273638.57616167754,199869.13931334973,1016215.9744117609
62122.43095839252,45798.423165576896,1368.8888532530468,4292125.607381914,21849.727471833605,1304.3022330830238,317013.2778021278,22708.76150164046,878677.8861283867,86035.4915739801,4.787278649976088,44689.85924755223,114876.70131396614,51.31340607422019,1010212.475815604,505177.17586799,182221.36741533747,272823.5259185945,198759.22276300954,1019819.7739030344
61394.16148764973,45442.466888635536,1325.3147146978404,4291605.533710911,21508.55570744272,1261.700652107486,316405.99451482366,22344.12045287648,882628.2000317588,85245.48371812736,4.415092588396325,44046.327620650416,114053.54201206708,48.351806408883036,1009878.5266315426,505854.8505668791,181532.72409425795,272006.5725819166,197653.29625361305,1023400.8614610457
60674.10501533143,45089.61281311749,1283.1286205734878,4291097.425710551,21172.81550993547,1220.4902036022027,315796.51621185604,21985.483645386408,886557.5568664011,84462.66451592819,4.07180107468355,43412.26053892425,113236.72386234088,45.56059971128205,1009530.2813613715,506525.9489672326,180847.8365298931,271187.8061028489,196551.393809516,1026959.3173144043
59962.17519418552,44739.824315970436,1242.2861818268336,4290601.210587272,20842.41793913421,1180.625374478642,315184.92043304635,21632.747964473674,890465.8619560163,83686.97264194355,3.755165330123658,42787.51448520087,112426.19688744353,42.930028880868235,1009168.2308218349,507190.55644003855,180166.68521401897,270367.31598165096,195453.54890889814,1030495.2234783552
59258.286535094514,44393.06559528966,1202.7444459225833,4290116.805759875,20517.27561557028,1142.062152255347,314571.28440473514,21285.812241142557,894353.029053956,82918.34743194442,3.463119568742539,42171.948326354366,111621.91160756433,40.45089164929817,1008792.8533797843,507848.75926123385,179489.2509173524,269545.19119244453,194359.79443353185,1034008.6636347309
58562.354390528795,44049.30163583198,1164.461848890614,4289644.119718428,20197.30268599561,1104.7579744446002,313955.68497049453,20944.577205357993,898218.9800565948,82156.7288517029,3.1937576787638093,41565.423258406736,110823.81901902684,38.11450934800394,1008404.6152047962,508500.644496363,178815.51466035648,268721.5201134327,193270.16262326908,1037499.723019053
57874.29493922903,43708.49817643112,1127.3981690947553,4289183.052827606,19882.41479016893,1068.6716797479457,313338.1985267305,20608.945441060132,902063.6447247176,81402.05746824606,2.945320924484383,40967.80275394983,110031.8705746906,35.91269740858707,1008003.9705209302,509146.2998910179,178145.4576864587,267896.39046225045,192184.6850349579,1040968.4883143802
57194.02517200928,43370.62167920039,1091.514482651604,4288733.49807777,19572.52902884058,1033.7634609872625,312718.900962923,20278.82134283436,905886.9604127256,80654.2744233998,2.7161865908809544,40378.952511741474,109246.01816601605,33.83773750183311,1007591.3618572571,509785.81376682094,177479.06143751656,267069.8892361802,191103.39250551566,1044415.047551518
56521.46287858106,43035.63930041548,1056.773120431621,4288295.341786917,19267.563932865625,999.994819701749,312097.8676062637,19954.111074144188,909688.8718054672,79913.32140946097,2.504857499127297,39798.74040833925,108466.21410666444,31.88235122612621,1007167.2202968146,510419.2749227217,176816.30753137695,266242.10265697946,190026.3151189011,1047839.4900152283
55856.52663530654,42703.51886297713,1023.1376265782108,4287868.464256445,18967.4394333796,967.3285223446056,311475.1731704637,19634.7225270408,913469.3306625073,79179.14064684669,2.3099523266304325,39227.03645164483,107692.41111751384,30.03967526077072,1006731.9657236857,511046.7725413861,176157.17774138466,265413.11612007633,188953.48217674054,1051241.9061560915
55199.135793796595,42374.22883035928,990.5727184837123,4287452.740383495,18672.076832976272,935.7285580164187,310850.89170851186,19320.565283268774,917228.2955696515,78451.67486357913,2.130196670215675,38663.712736241025,106924.56231298007,28.30323790421236,1006286.0070679195,511668.3961004661,175501.6539777044,264583.01414790435,187884.92217237822,1054622.3875076943
54549.21047027611,42047.73828195448,959.0442481642547,4287048.0402325,18381.39877783069,905.1600976752636,310225.09656917694,19011.55057669297,920965.7316975461,77730.86727647402,1.9644147957363136,38108.64340041148,106162.62118854004,26.666936921406865,1005829.7425480447,512284.2352885461,174849.71827032996,263751.8803471553,186820.662768132,1057981.0266088326
53906.67153564557,41724.0168897336,928.5191649782696,4286654.229568385,18095.329230715066,875.589454766384,309597.8603570551,18707.59125697664,924681.6105671807,77016.66157390873,1.8115220216811232,37561.70458474112,105406.5416093616,25.12501862862065,1005363.5599109498,512894.37992556934,174201.35275366117,262919.797369741,185760.73077554838,1061317.9169304322
53271.440606173404,41403.03489614208,898.9654796361148,4286271.170353727,17813.793444858537,846.9840472169633,308969.254895974,18408.60175444532,928375.9098221206,76309.00190005466,1.670517688327837,37022.77439220227,104656.27779995088,23.672058147776674,1004887.8366689307,513498.9198875559,173556.53965253782,262086.84687726363,184705.15213846197,1064633.1528069112
52643.440034759566,41084.7630931597,870.3522294507625,4285898.721212078,17536.717938605387,819.3123607440118,308339.3511955736,18114.49804607561,932048.6130073031,75607.83284046598,1.5404786676670517,36491.73284963808,103911.78433473506,22.30294076608999,1004402.9403337247,514097.94503543054,172915.26126962644,261253.10950880515,183653.95191867492,1067926.8293717161
52022.59290271517,40769.172802455374,842.6494447818598,4285536.737859468,17264.03047082937,792.5439134257579,307708.2194208921,17825.197622551786,935699.7093542351,74913.0994089236,1.4205533727209818,35968.46187056119,103173.01612950343,21.01284434018081,1003909.2286473756,514691.5451477864,172277.49997406208,260418.6648518538,182607.15428408247,1071199.0424967846
51408.82301200822,40456.23585657268,815.8281166276768,4285185.073506065,16995.660017064773,766.649221489149,307075.9288647943,17540.61945633706,939329.1935724299,74224.74703544032,1.309956228025568,35452.84521919102,102439.92843363626,19.79722268711798,1003407.0498097902,515279.8098574163,171643.23819125444,259583.59141619466,181564.7824990803,1074449.8887356934
50802.054877929346,40145.92458108577,789.8601653215438,4284843.579229767,16731.536746317593,741.5997662681737,306442.5479230857,17260.683970709622,942937.0656469301,73542.72155533903,1.2079625659517106,34944.76847565868,101712.47682305492,18.651789907941186,1002896.7427028668,515862.82859145093,171012.4583937723,258747.96661060036,180526.8589170978,1077679.4652702701
50202.21372213561,39838.211777668876,764.7184102913386,4284512.104323475,16471.591998522625,717.3679622896921,305808.1440721649,16985.313009717007,946523.3306417604,72866.96919932196,1.1139039162294944,34444.11900231322,100990.6171938327,17.572505592144662,1002378.6371110908,516440.69051494775,170385.14309322718,257911.8667221646,179493.40497511145,1080887.8698604568
49609.225466034,39533.07070802641,740.3765408424363,4284190.496617626,16215.758262614665,693.927126445338,305172.7838490734,16714.42980900515,950087.9985091628,72197.43658445406,1.0271636585245405,33950.78591106764,100274.30575640935,16.555560854386545,1001853.0539385125,517013.484477783,169761.27483308094,257075.366898129,178464.4411899991,1084075.2007972212
49023.01672446962,39230.475078633455,716.8090879262822,4283878.602779542,15963.969155184212,671.2514482098246,304536.53283380694,16447.95896748136,953631.0839044673,71534.07070598908,0.9471730102131906,33464.66003172725,99563.49903035707,15.597365157323889,1001320.3054220291,517581.2989647023,169140.836182308,256238.54113006184,177439.98715660494,1087241.5568583317
48443.51479968664,38930.399026239815,693.9913968583967,4283576.268590989,15716.159399689977,649.3159608676613,303899.45563376194,16185.826419773066,957152.6060064536,70876.81892997179,0.8734073236271526,32985.633881247115,98858.15383964923,14.69453387697129,1000780.6953409158,518144.222048393,168523.8097298465,255401.46224025238,176420.06154739158,1090387.0372668123
47870.64767553297,38632.817104093585,671.8996009511795,4283283.339205312,15472.264806202427,628.0965137118775,303261.61587019404,15927.959409446437,960652.588343065,70225.62898655367,0.8053826690014709,32513.60163386867,98158.22730838695,13.8438765693477,1000234.5192225534,518702.3413454448,167910.17807977798,254564.20187019237,175404.68211356323,1093511.7416519113
47304.34401188218,38337.70426884272,650.510596028362,4282999.659385409,15232.222251654275,607.5697451798536,302623.076166573,15674.286462951412,964131.0586223364,69580.44896396456,0.7426526811742944,32048.459092089437,97463.67685694207,13.042385899418154,999682.0645443188,519255.7439750724,167299.92384717794,253726.83047102208,174393.8656875499,1096615.7700124243
46744.53313924867,38045.035868075756,629.802015789345,4282725.073723733,14995.969660575458,587.7130568927857,301983.8981387237,15424.737364261588,967588.048568401,68941.22730308594,0.684805649764014,31590.103658422497,96774.46019847774,12.287227195460934,999123.6109316114,519804.51652047725,166693.02965458494,252889.4172958238,173387.62818674935,1099699.2226822204
46191.145053574255,37754.78762846514,609.7522079929914,4282459.426845437,14763.445986291588,568.5045885666696,301344.14238664776,15179.243130179431,971023.5937624467,68307.91279257544,0.6314618340992691,31138.434307905685,96090.53533581161,11.575728594002264,998559.4303519973,520348.7449927311,166089.47812903786,252052.03039365198,172385.9846184294,1102762.2002978302
45644.110411166475,37466.93564447875,590.3402114316935,4282202.563595735,14534.591192566237,549.9231937639706,300703.86848792585,14937.73598627904,974437.7334884901,67680.4545644961,0.5822709856096091,30693.35156132298,95411.86055858851,10.905371742365528,997989.7873054658,520888.51479706843,165489.25189963542,251214.73660519434,171388.94908569846,1105804.8037679647
45103.36052377066,37181.456367627325,571.5457336677268,4281954.329212457,14309.346235668709,531.9484164563803,300063.13499260583,14700.149343460365,977830.5105838458,67058.8020904063,0.5369100617081101,30254.7574591032,94738.39444073234,10.273783027685779,997414.9390107966,521423.9107014794,164892.33359557454,250377.6015599632,170396.5347944583,1108827.134244836
44568.82735375958,36898.32659621757,553.3491295050347,4281714.569484741,14087.653046850093,514.5604683702148,299421.99941948545,14466.417775090358,981201.9712941635,66442.90517787015,0.49508111642015024,29822.55553586347,94070.09583814959,9.678725302948052,996835.1355880456,521955.0168074984,164298.70584462746,249540.68967492168,169408.75406125662,1111829.293097164
44040.44350942625,36617.52346558221,535.7313801706632,4281483.130898733,13869.454515211512,497.7402070871291,298780.5182537043,14236.476994707926,984552.1651329168,65832.71396735054,0.4565093541424343,29396.650795567075,93406.92388665845,9.118090082224615,996250.6202371628,522481.9165230888,163708.3512720198,248704.0641544538,168425.61832196376,1114811.3818847586
43518.14224036658,36339.024438760345,518.6740731810846,4281259.860771131,13654.694470949478,481.46911487387104,298138.74694556306,14010.263834270987,987881.1447452217,65228.1789294497,0.42094133396023664,28976.94968726739,92748.83800012016,8.589890178816516,995661.6294127649,523004.692537528,163121.2524996747,247867.7869915923,167447.13814120088,1117773.5023345705
43001.8574329402,36062.807297602805,502.15938286962523,4281044.607371354,13443.317668964202,465.7292782158122,297496.7399104915,13787.716222925083,991188.9657758723,64629.25086246494,0.38814331291519094,28563.360081411454,92095.79786875061,8.092252761452972,995068.3929950848,523523.4267981993,162537.3921457905,247031.91897042166,166473.32322245155,1120715.7563181152
42491.523605798866,35788.85013427883,486.1700515521361,4280837.22003305,13235.269772817577,450.5033680299497,296854.5505300925,13568.773166274257,994475.6867414789,64035.88089022925,0.3578997175068058,28155.79124667846,91447.76345759236,7.623412805072641,994471.1344571305,524038.2004892032,161956.7528247215,246196.51966957893,165504.18241879367,1123638.2458301764
41987.07590547289,35517.131343161695,470.6893713089292,4280637.549255655,13030.497339028358,435.774620533995,296212.2311541905,13353.374726135942,997741.3689065989,63448.02046020875,0.33001173353377766,27754.15382733019,90804.69500512854,7.18170691400753,993870.0710280894,524549.0940117016,161379.31714713352,245361.647466778,164539.723744191,1126541.0729687042
41488.45010200734,35247.62961307244,455.7011663618423,4280445.446796635,12828.947801692822,421.5268187490392,295569.83310381905,13141.462000762633,1000986.0761637539,62865.6213418311,0.30429600514125776,27358.359821051767,90166.55302202198,6.765567496617118,993265.4138530154,525056.1869659151,160805.0677204082,244527.35954428685,163579.95438528847,1129424.3399158248
40995.582584640295,34980.32391986181,441.18977602609937,4280260.76575502,12630.569457419857,407.74427461412404,294927.4066750827,12932.97710551404,1004209.874917224,62288.63562502085,0.2805834346422572,26968.322557262618,89533.29828996409,6.373517271580807,992657.3681488414,525559.5581346927,160233.98714927147,243693.7118952914,162624.88071365844,1132288.1489198874
40508.410357516725,34715.193519312044,427.1400382173987,4280083.360646815,12435.311450570098,394.4118116918492,294285.0011438344,12727.863153964376,1007412.8339705209,61717.015718919334,0.25871807532974755,26583.956675878806,88904.89186061923,6.004164087154575,992046.1333567654,526059.2854685809,159666.0580366236,242860.75933108237,161674.50829844805,1135132.602278477
40026.871035431854,34452.21794034082,413.5372734953934,4279913.087472813,12243.12375878932,381.51474844491213,293642.66477111,12526.06423943011,1010595.0244174337,61150.71435076876,0.2385561100948018,26205.178106509116,88281.2950546518,5.656196035735886,991431.9032910555,526555.4460723178,159101.26298454974,242028.55548900506,160728.84191938146,1137957.8023223255
39550.90283959911,34191.37697849111,400.36726962542787,4279749.8037793245,12053.95717882683,369.0388820642119,293000.444809267,12327.525416904462,1013756.5195365545,60589.68456494127,0.21996490921909165,25831.90404806834,87662.46946082424,5.328376847062719,990814.8662843279,527048.1161926847,158539.5845954913,241197.15284111528,159787.88558007343,1140763.85140006
39080.44459343793,33932.65068969139,387.61626664106325,4279593.368712288,11867.763312630152,356.97047282985034,292358.3875087749,12132.19268538546,1016897.3946891831,60033.879722095604,0.20282216122068303,25464.05294879234,87048.37693515517,5.019541544300941,990195.2053293497,527537.3712076483,157981.00547356048,240366.60270348703,158851.64252161316,1143550.8518637307
38615.43571837755,33676.01938427164,375.2709423905635,4279443.643065229,11684.494553707733,345.29622898703826,291716.5381256093,11940.01297058518,1020017.7272205197,59483.253498445025,0.18701507110358426,25101.544486640407,86438.97960012793,4.7285923481519685,989573.098217421,528023.2856167278,157425.5082259807,239536.95524612107,157920.1152363807,1146318.9060550593
38155.81622967341,33421.4636212215,363.3183985511275,4279300.489321458,11504.104073751878,334.00329211956023,291074.940929203,11750.934108008323,1023117.5963640515,58937.75988512173,0.1724396207968671,24744.299550071213,85834.23984394048,4.454494814942482,988948.7176733948,528505.9330325295,156873.0754646377,238708.2595034056,156993.30548205972,1149068.1162923654
37701.52673223317,33168.96420267761,351.7461470952378,4279163.771690937,11326.545809514513,323.07922300406995,290433.6392109111,11564.904826388938,1026197.0831490466,58397.35318762402,0.1589998869711576,24392.240219179734,85234.12031978896,4.196274195442288,988322.2314873919,528985.386173387,156323.68980772665,237880.56338508334,156071.21429581396,1151798.5848581144
37252.5084164499,32918.502168628045,340.54209719405975,4279033.3561421465,11151.774449928766,312.51198792908406,289792.6752929472,11381.874731474556,1029256.270311065,57861.98802533347,0.14660741179142467,24045.289747183022,84638.58394517712,3.953012001897881,987693.8026432681,529461.7168570524,155777.33388148266,237053.91368768126,155153.8420085954,1154510.4139870503
36808.70305404031,32670.05879182233,329.69454254336154,4278909.110429339,10979.745423469703,302.2899454631112,289152.09053775313,11201.794290147624,1032295.2422054023,57331.619331090784,0.13518062250762997,23703.37254224363,84047.59390124549,3.723842771469889,987063.5894438971,529934.9959953837,155233.99032198143,236228.35610636187,154241.18825955596,1157203.705854866
36370.05299388629,32423.615572876355,319.1921490979439,4278790.904115474,10810.414885747894,292.40183365690194,288511.92535776366,11024.614814874487,1035314.0847233837,56806.2023508195,0.12464429610112175,23366.41414962004,83461.11363211411,3.5079510149247635,986431.7456333272,530405.2935899782,154693.64177699975,235403.93524715735,153333.252010535,1159878.562567378
35936.50115787836,32179.154235562004,309.02394320106293,4278678.608591162,10643.739707329787,282.8367576653311,287872.2192255317,10850.28844847271,1038312.885211425,56285.692643188006,0.1149290654966614,23034.341234134125,82879.10684423344,3.3045683400567714,985798.4205158727,530872.6787287011,154156.27090792477,234580.69463954936,152430.03156059806,1162535.0861501659
35507.991036759835,31936.656722271888,299.1793000958045,4278572.097089897,10479.67746177917,273.58417777493025,287233.0106841807,10678.768149187872,1041291.7323927846,55770.04607930091,0.10597096411952855,22707.081562946223,82301.53750573895,3.112970739907504,985163.7590722044,531337.2195830625,153621.86039170274,233758.67674935993,151531.52456060261,1165173.3785386463
35084.4666859709,31696.105189650272,289.64793280582626,4278471.244699847,10318.186413914227,264.6338978235733,286594.33735815267,10510.007676071426,1044250.7162919242,55259.218842411734,0.09771100582597028,22384.56398862893,81728.36984580479,2.9324760364086453,984527.9020724971,531798.9834063975,153090.3929228183,232937.9229919206,150637.72802777015,1167793.541568548
34665.872721491905,31457.482004381643,280.4198813733213,4278375.928372461,10159.225508274994,255.97605399928707,285956.23596422153,10343.961574651516,1047189.9281614089,54753.167427649525,0.09009479746493144,22066.71843253123,81159.568353993,2.7624414706013547,983890.9861866981,532258.0365328058,152561.85121529648,232118.47374548853,149748.63836024317,1170395.676966762
34252.1543156854,31220.769739128908,271.4855024424787,4278286.026928122,10002.754357796208,247.60110400560723,285318.74232274486,10180.585162889063,1050109.4604112664,54251.848641752804,0.08307218154099189,21753.475868425063,80595.09777959475,2.6022614310840195,983253.1440919776,532714.4443768087,152036.2180047195,231300.36836488062,148864.2513516095,1172979.886342538
33843.2571931368,30985.951168613763,262.83545917712166,4278201.4210590795,9848.733232680792,239.49981658133365,284681.8913691269,10019.834517411677,1053009.4065407407,53755.219602804726,0.07659690664409552,21444.768306426777,80034.92313096076,2.451365312810852,982614.5045774232,533168.2714336856,151513.4760502522,230483.64519529784,147984.562205376,1175546.2711790046
33439.12762649339,30753.00926583203,254.46071150159307,4278121.993329865,9697.12304946939,231.66326136295532,284045.71716546756,9861.66646001831,1055889.8610723638,53263.23773996398,0.07062632349223932,21140.528777186402,79479.00967481823,2.309215498808418,981975.1926460377,533619.5812804489,150993.60813666965,229668.34158631385,147109.56554937563,1178094.9328249893
33039.71243230189,30521.92719839732,246.35250665433284,4278047.628175382,9547.885360301574,224.0827990784162,283410.2529123741,9706.038544447845,1058750.919488282,52775.860793186584,0.06512110459995185,20840.691316338005,78927.32293557203,2.1753054577970232,981335.3296141028,534068.4365774239,150476.59707638097,228854.4939060031,146239.2554500939,1180625.9724871176
32644.958966844613,30292.68832500666,238.50237004395223,4277978.211896861,9400.982342364505,216.75007206127947,282775.5309609135,9552.909043405052,1061592.6781687685,52293.04681293412,0.06004498573919969,20545.190949204713,78379.82869458826,2.0491579511003724,980695.0332079683,534514.8990703966,149962.42571144496,228042.13755518576,145373.62542689985,1183139.4912221723
32254.81512197465,30065.27619202219,230.90209639795637,4277913.632655853,9256.376787525023,209.65699507472016,282141.5828246845,9402.236935837644,1064415.2343328581,51814.75415986444,0.05536452750130316,20253.963675752355,77836.49298945846,1.930323342601278,980054.4176583255,534959.0295932967,149451.07691557205,227231.30698176753,144512.6684661705,1185635.5899296948
31869.229320950308,29839.67453016319,223.54374119460087,4277853.780466415,9114.032092141253,202.79574643513368,281508.4391919889,9253.981894458344,1067218.6859810392,51340.9415045014,0.051048895399430326,19966.946455785925,77297.28211324313,1.8183780058546626,979413.5937920255,535400.8880713854,148942.5335961092,226422.0356951538,143656.3770352964,1188114.369344812
31488.15051426938,29615.86725130327,216.41961236868968,4277798.547185642,8973.912247049973,196.1587594254942,280876.12993808475,9108.104273506167,1070003.131839946,50871.567826880455,0.04706965707211343,19684.077194383368,76762.16261369317,1.7129228228027997,978772.6691214989,535840.5335249151,148436.77869600308,225614.35628071948,142804.74309655812,1190575.9300312726
31111.528175503736,29393.83844536759,209.52226228243057,4277747.826502686,8835.981827726162,189.73871398892913,280244.68413750286,8964.56509674128,1072768.6713089866,50406.592416167376,0.043400595259771496,19405.294727561453,76231.10129244873,1.6135817688527827,978131.7479318366,536278.0240732329,147933.79519573893,224808.30041431572,141957.75812086425,1193020.3723746827
30739.31229713485,29173.57237732545,202.84447995276383,4277701.5139264045,8700.205984611195,183.52852869329763,279614.1300764114,8823.326045668015,1075515.4044088516,49945.97487024777,0.04001753532914487,19130.538808168698,75704.06520421419,1.5200005793735867,977490.9313655858,536713.4169393012,147433.56611525142,224003.89887679758,141115.41310134233,1195447.7965759228
