00120032,00100000,00380018,00260038,00230009,00430013,00190013,00330021,00160009,00410021,00130019,00400037,00490016,00040014,00320044,00460040,00280027,00080020,00450025,00190033
105.83805957685087,48.4711804028089,49.725946910857786,77.2607084602881,73.23033442950927,68.56835156920228,53.84144903743099,57.50030041880956,56.20984487319825,41.97961787146244,58.13843603768668,63.255929593022344,33.77091890893153,63.444093634338735,73.40347977008012,57.661969632250134,66.19919447339336,63.33063818394205,48.5860669399585,79.58347927597814
183.92511928633368,67.08359399165845,68.70076661126086,118.0655656865447,119.10319760131496,113.09128792010384,74.51493376647616,84.0871205902967,80.93153997047014,54.56045945359166,81.41907264455193,94.71771314256603,40.100330767162035,94.86729216236665,111.46665132717726,83.71265452419617,98.94230386673554,90.95662535601865,69.27451039891722,120.47926093225736
232.90612930971218,74.99117398933066,75.88587990078497,138.30022183468967,146.85207416267042,141.38561751967296,82.18892803923626,96.93711423320755,92.27773830663028,58.12857795087355,90.65793163918451,110.80578554322736,39.90749088660942,111.01087575579061,130.52602440689674,96.09275437690354,115.1239688774969,102.64328650919077,79.37375726043032,139.0046694974613
263.51700395269575,78.18943271771538,77.85980672764849,148.15951735270735,163.9360174639953,159.67793443982305,84.20259577876718,103.15071242849352,97.33318501601276,58.21116507330029,93.7903745985127,119.16403452226726,37.734835439505915,119.5231543185477,140.01350171484683,101.93426140622394,123.12757370236577,107.04020712526852,84.5059064747559,146.42877974654638
283.1975052557138,79.30097149594125,77.56574680216377,152.86123373945776,174.86955142233143,171.95922286194616,83.79954362018866,106.15217686648856,99.42555342380535,57.01626896862036,94.31232061106117,123.6141436174298,35.155780742991126,124.19345638612569,144.71204168218955,104.62395802231816,127.10454670080874,108.14017576426143,87.25937321993428,148.48642879622295
296.37634349631753,79.51790963647395,76.3554584935315,155.02886359446646,182.20462999897077,180.57191376842684,82.45062063216312,107.61097910699371,100.14661988184952,55.463236640567814,93.80238399155866,126.07175857073275,32.72338738802152,126.90875045620754,147.02274299152643,105.800427161617,129.10875937413917,107.81330343987406,88.86356446763158,148.03334690893007
305.5994451383301,79.38202215871179,74.8485367479423,155.97345125242538,187.3642342158274,186.86574021246716,80.81946627414258,108.34064309367913,100.2583209893022,53.92585998928232,92.96729571194308,127.49856526020221,30.604827758485303,128.6096603376296,148.14728538659665,106.25922758472706,130.15368068437058,106.93252587721744,89.90441202648287,146.48229930023484
312.3281249286007,79.1340055228982,73.32231886500244,156.3460142804396,191.14875588906943,191.62620215293896,79.19626575642891,108.73477782555824,100.1219279476563,52.54200650340425,92.11119914348313,128.37886012901606,28.82110071586785,129.7657771707705,148.6856254687094,106.3857289745026,130.7365346484973,105.89746608302157,90.6594851247844,144.5265728693502
317.41465839399234,78.87533302238391,71.89361556032155,156.4663953159657,194.019484521195,195.32353628061009,77.69823518573982,108.9809902572178,99.90498647705178,51.34851593778225,91.35276134904323,128.9582005703766,27.34186611955552,130.61272938170305,148.93636668895243,106.36533755843234,131.0988159758021,104.88301640926578,91.25889661860731,142.50063337600142
321.3704667764223,78.64411815754929,70.60443866573803,156.48867925265296,196.25240729427696,198.25114187516397,76.36341603369894,109.1662842913874,99.68180479036437,50.34085266527237,90.7268405363383,129.36277450051324,26.12298576963687,131.27031599891916,149.04744409867897,106.28614445514575,131.35590647680402,103.95829003951067,91.76303314057631,140.5598426813502
324.51423118366023,78.45064419630313,69.46265873246152,156.48439450761137,198.02062189801384,200.6012232931929,75.19472107923285,109.32903942742684,99.48234860237511,49.499405487855896,90.23217771574103,129.65899762822525,25.120760726866934,131.80117818547268,149.09164955787068,106.18909456959456,131.56152919543862,103.14367181305445,92.19997093659345,138.7702750130087
327.05330571544846,78.29381553634707,68.46129507382304,156.4843639680979,199.43845382175328,202.50606763569886,74.18054884352337,109.48458995809185,99.31598973004725,48.8008256467795,89.85357991490913,129.88320591693753,24.29667714533284,132.2397834101645,149.1044467463531,106.09246623601084,131.73971230143138,102.4380913435324,92.58327679871464,137.15380113200305
329.12873836301395,78.16858648827937,67.58761445372993,156.49973314610094,200.58528672721656,204.06084499829845,73.3043073423595,109.63773655264819,99.18296938642129,48.22264940406262,89.57199850863961,130.05642219683247,23.618385511008285,132.60664096127647,149.10287131950855,106.00377168503643,131.9005453628145,101.83192273868559,92.92029834432472,135.7108249472426
330.8405490718949,78.06915777179445,66.8273524561202,156.53249538155544,201.5186888029133,205.3365278819573,72.5486850549341,109.78879177193994,99.0798607162424,47.744941293833065,89.36887656484909,130.19169603820956,23.05929169813774,132.9152137554075,149.09494802649814,105.92550892964582,132.04785938302817,101.31294826813934,93.21589050984802,134.4317908418015
332.26226526378053,77.99022371870345,66.16659966291282,156.58071271599866,202.28187031922914,206.3874972804184,71.89744574160963,109.9364354124948,99.00210916390304,47.350654907246636,89.22781289979699,130.29776146166702,22.59773201064349,133.17524889050026,149.08435858172192,105.85791891914195,132.1828965799242,100.86899132281896,93.47399324399876,133.30300901286432
333.44954982538593,77.92735188386872,65.59257444263613,156.6410580074048,202.908102197418,207.25624182692337,71.33607123990569,110.07900660706699,98.94515976208521,47.02547743202097,89.13500183773454,130.38087577770148,22.21611151870112,133.39437257460202,149.07273622531176,105.80029169824554,132.30600343806492,100.48896901743117,93.69822923163723,132.30958401054187
334.4455212190929,77.8770006580402,65.09387150819045,156.71000785151298,203.42346904233625,207.97641835645413,70.85188332758554,110.21504001333305,98.90491013833301,46.75749792757415,89.07914412809544,130.4457626757831,21.900137572561086,133.57885677598242,149.0607789409737,105.75157448016935,132.41736256784912,100.16321284868835,93.89207848917343,131.4368557556151
335.28417355769295,77.83640533285194,64.66047069385782,156.78436106372942,203.84867865404988,208.5749492460684,70.43394384101907,110.34344542984516,98.87784956832436,46.53684457306748,89.05115633503206,130.49611449931336,21.638180249804382,133.73399829402894,149.04877853468213,105.71064693443545,132.51726843353617,99.88346615105255,94.05888820947423,130.6710725368062
335.9926694152989,77.80343300349614,64.28364297029117,156.86142549593268,204.20031313900068,209.07352394936785,70.07287303224774,110.46352697569569,98.8610585055161,46.35534808054365,89.04382859806466,130.53487656786027,21.420753810440395,133.86432067345095,149.03686397731582,105.67643970833345,132.60619602888312,99.64275268148613,94.20183252375264,129.99966693235797
336.5929381436677,77.77644636482836,63.95581911516693,156.9390470748794,204.49173208251761,209.48971150620025,69.7606498786259,110.57493685596255,98.85215188636187,46.20624957991653,89.05149563866757,130.5644220380438,21.24010147297249,133.973697025736,149.0251073886917,105.6479802562061,132.68478343179268,99.4352063780965,94.32386909572746,129.41132782060663
337.1028286024963,77.75418938550139,63.67045160336097,157.01556876903186,204.73374690510008,209.83780583603382,69.49042173005756,110.67760857826656,98.849205029347,46.08395490357361,89.069745699261,130.58666983960956,21.089864308940626,134.06543788580592,149.01356583668627,105.62440570298224,132.75378530795052,99.25590197487136,94.42770861419038,128.895970004267
337.53696422115814,77.73569640648479,63.421883320774754,157.08976312528966,204.9351369600082,210.12947951449436,69.2563336029024,110.77168977745563,98.85067940545798,45.983830967562724,89.09517363483775,130.60317109097105,20.964817152346757,134.14236295324028,149.00229455142926,105.60496127150748,132.8140229003798,99.10070218399488,94.51580003264843,128.44465518572264
337.9073916262174,77.72022193888523,63.20522849831362,157.16075948558304,205.10305142015756,210.3742957406697,69.053379617506,110.85748279698198,98.8553552692279,45.90203815467298,89.12517636630328,130.61517638095745,20.860657423235512,134.20686414319238,148.9913484918287,105.58899278582008,132.8663407377411,98.96612605828616,94.59032938772431,128.0494928060291
338.2240813659363,77.70718731063043,63.016267350621185,157.22797551545798,205.24332598484753,210.5801128087559,68.87727569430318,110.93539548735487,98.86227334362836,45.835392641683754,89.15778585287183,130.62369013082474,20.773835644392364,134.26096250328234,148.98078002388445,105.57593709272112,132.911573098968,98.84923827392501,94.65322865669717,127.70353578388023
338.49531976531944,77.6961404592235,62.851354104105255,157.29105689086515,205.36073451909377,210.7534057546241,68.72435133162429,111.00590211936306,98.87068561522543,45.78125330938022,89.19153397479424,130.62951535528794,20.70141886472148,134.3063596849978,148.9706360311519,105.56531210121936,132.95052008923417,98.74755716578463,94.70619123459657,127.40067891172103
338.7280188876622,77.68672574364534,62.70733733467583,157.3498261387499,205.45919015126418,210.8995234616011,68.59145795657514,111.0695132731228,98.88001442846392,45.737428726040314,89.22534394594354,130.63329078952398,20.64098015061355,134.34448409223108,148.96095568972925,105.5567071726409,132.98393194920828,98.6589788100521,94.75069123747426,127.13556370194907
338.9279638328188,77.67866129282424,62.58149127486313,157.40424028765827,205.54190665904284,211.02289506892424,68.47589142640047,111.12675325431904,98.88981879173716,45.7021005024026,89.25844348398836,130.63552170895218,20.590508824403305,134.37653177569408,148.9517692049784,105.54977416444487,133.0124999017171,98.58171450931464,94.78800454601185,126.9034913100877
339.1000114388646,77.67172198428366,62.4714567279736,157.45435641757336,205.6115284059112,211.12719631764205,68.37532650494293,111.17814360915804,98.89976679519388,45.67376001223821,89.29029567013096,130.6366054480959,20.54833729783089,134.40350224926348,148.9430974261674,105.54421924093994,133.03685192375772,98.51423932648089,94.81923012933271,126.70034398451018
339.2482508930642,77.66572661642024,62.375190312055466,157.50030401908526,205.6702352327189,211.21548408521608,68.28776142893804,111.22419146442675,98.90961313476129,45.6511560476458,89.32054410679201,130.63685244377115,20.513081245124646,134.42622952905867,148.9349521316244,105.5397954789544,133.0575520670755,98.4552496664307,94.84531068681001,126.5225148651723
339.3761342293179,77.66052820332439,62.29092088349773,157.5422630806008,205.71982732343167,211.29030555576088,68.21147096030137,111.26538161494962,98.91918086594015,45.633251443515135,89.34896958262647,130.63650350630377,20.483590548978334,134.44540878860977,148.92733676577296,105.53629625627619,133.07510221966146,98.4036282447561,94.86705201842184,126.36684563552632
339.48658284889115,77.65600659791392,62.21711212727028,157.58044691484082,205.76179400800726,211.35378708975048,68.14496657322375,111.30217147463861,98.92834664221579,45.619187078808984,89.37545596764545,130.6357439268309,20.45890898365019,134.46161907435723,148.92024744130225,105.53354938982159,133.08994545207693,98.35841508361105,94.88514080144284,126.23057138748702
339.5820748349938,77.65206285573308,62.15243043316226,157.6150888592224,205.7973696480572,211.40770678787422,68.086962643341,111.33498818135563,98.93702881326459,45.60825196082885,89.39996349026708,130.634714945973,20.43824101107348,134.47534254059678,148.91367406296843,105.53141197856418,133.10247030741607,98.31878342872076,94.90016063589255,126.11127201258793
339.66471680129524,77.64861490460976,62.09571729843134,157.64643211242853,205.82757911196302,211.45355391242555,68.03634769142076,111.36422729424967,98.94517786325319,45.59985833760676,89.42250790207021,130.63352303488944,20.420924387111018,134.48698065157578,148.90760147066,105.52976589913698,133.1130155681876,98.28401969119793,94.91260634394773,126.00682943948614
339.7363032273224,77.64559419796244,62.04596560483918,157.67472208910112,205.8532748429875,211.4925776803683,67.99215988933376,111.3902526450822,98.95276875909988,45.593520975413234,89.44314432569364,130.63224737283048,20.40640752747662,134.49686777009947,148.90201053359925,105.52851389807512,133.1218751703509,98.25350668848105,94.92289658644704,125.91539007340968
339.79836562628725,77.6429431123804,62.002299212013156,157.70020078105318,205.87516712578434,211.52582743328267,67.95356616565275,111.4133970047273,98.95979485387056,45.588839892968224,89.46195481715364,130.63094584561273,20.394230782480086,134.50528251420255,148.89687915402217,105.52757622313776,133.12930303956927,98.22670959668366,94.9313849058083,125.83533184229671
339.85221341826355,77.64061291105907,61.963955390309366,157.7231027053191,205.89384884047814,211.5541857890679,67.91984435605023,111.43396330576984,98.96626305330425,45.585485969043646,89.47903886516625,130.62965983691834,20.38401092867326,134.51245722160866,148.89218315811502,105.52688773654779,133.13551770329389,98.20316413778161,94.93836932896558,125.76523530875788
339.8989680113234,77.63856213961053,61.93026968612171,157.74365209722654,205.90981574157988,211.57839606433066,67.89036793332562,111.45222622522505,98.97219000563786,45.58318894181103,89.49450620485544,130.62841803871368,20.375428312739565,134.51858581949824,148.8878970656392,105.52639545489646,133.1407065899857,98.18246661446432,94.94410067348865,125.70385836177306
339.9395913013621,77.63675535398261,61.90066287225606,157.76206107177285,205.92348309784285,211.59908500619417,67.8645929264662,111.46843398089527,98.97759911810958,45.58172740124526,89.50847144821458,130.62723946797072,20.368216185434523,134.5238303568164,148.8839947388437,105.52605646348378,133.14502996828247,98.1642654773851,94.94878970001147,125.6501140545536
339.97490957008335,77.63516210484724,61.87462968689625,157.77852853051087,205.93519936818933,211.61678167345187,67.84204670022976,111.48281023339348,98.9825182392332,45.58092044384662,89.52105013442724,130.62613584368384,20.362151846278795,134.5283264192735,148.8804499170755,105.52583615664409,133.14862450806044,98.14825416744112,94.95261324809313,125.60305120390203
340.0056335765309,77.63375612114365,61.85172910805051,157.79323963550218,205.94525745976432,211.63193314845802,67.82231831848665,111.4955560156109,98.98697787540658,45.58062071479828,89.53235588421845,130.62511345025928,20.357049287049122,134.53218761393435,148.87723664688409,105.52570675982543,133.15160646520275,98.13416502239397,94.95571948317354,125.56183741108788
340.03237549038573,77.63251464915157,61.831575947272725,157.80636570816944,205.95390401049235,211.6449176342827,67.80505025776284,111.50685163421245,98.99100983470485,45.58070860873188,89.54249840753555,130.62417459005528,20.352753077022776,134.53550928102473,148.8743296190957,105.52564609359541,133.15407450487788,98.12176407485305,94.95823237107605,125.52574420458741
340.0556631971319,77.63141791373582,61.81383357785398,157.8180644404128,205.96134705508416,211.6560553897797,67.78993127355156,111.51685850508952,98.99464621069455,45.58108743835604,89.55158216610207,130.62331870852773,20.349133277843972,134.53837156519523,148.87170442485206,105.52563654413674,133.15611218611883,98.11084659917567,94.96025548468239,125.49413404112053
340.0759524100315,77.63044867613507,61.79820763940115,157.82848032929715,205.96776236619462,211.66561787311315,67.7766902522225,111.52572089777772,98.99791863553037,45.58167941176866,89.55970553422588,130.62254325949988,20.346081212713955,134.54084195670475,148.86933774236817,105.52566420902511,133.15779013489828,98.10123328961477,94.96187523569188,125.46644893350808
340.0936369469114,77.6295918685136,61.78444058346552,157.83774526595465,205.97329870814386,211.67383539789864,67.76509090674993,111.53356757360683,99.00085774507257,45.58242228549516,89.5669603346904,130.62184436499274,20.343505944882523,134.54297739446855,148.86720746545765,105.5257181910566,133.15916793478547,98.09276697220548,94.96316361322424,125.44220050228552
340.1090574673378,77.62883428993277,61.77230694425809,157.84597922490434,205.97808219671657,211.68090355225303,67.75492719582417,111.54051330954445,99.00349280980492,45.58326658211612,89.5734316532457,130.62121731336168,20.34133134535186,134.5448260072837,148.86529278390003,105.52579001654709,133.1602957644481,98.08530976932803,94.96418050068698,125.42096127308523
340.12250891494693,77.6281643517831,61.7616092350014,157.85329101246137,205.98221992300427,211.68698858720984,67.7460193638836,111.54666030491788,99.00585149436172,45.5841732795361,89.57919785646916,130.62065693077582,20.33949365026987,134.5464285564219,148.86357422463283,105.52587315783538,133.16121581031052,98.07874064933901,94.96497563292657,125.40235706387811
340.13424686819997,77.62757186330727,61.75217438455309,157.85977904286187,205.98580297042383,211.69223194517411,67.73821051476352,111.55209947191392,99.00795971584301,45.58511189412649,89.58433075465052,130.62015785401118,20.33793942547728,134.5478196318178,148.8620336616284,105.52596264267501,133.1619634810263,98.0729533047019,94.96559024725624,125.38606032557098
340.1444929688411,77.62704784983521,61.74385064096191,157.86553211864057,205.9889089306277,211.69675406979488,67.73136364446583,111.55691161332857,99.00984157710174,45.5860588926589,89.58889586473778,130.61971472681148,20.336623869719524,134.54902864495472,148.86065430122952,105.52605473580667,133.16256844837227,98.06785431113136,94.96605847448265,125.37178431648891
340.1534395694056,77.62658439788828,61.7365048788928,157.8706301980523,205.9916040049735,211.7006576145895,67.7253590693939,111.56116849274818,99.0115193560662,45.586996378554566,89.5929527389572,130.61932233745884,20.335509399660676,134.55008065398079,148.8594206486984,105.52614668028002,133.16305553693567,98.06336152776315,94.96640850948823,125.3592780062078
340.1612537181063,77.62617452249974,61.730020256646384,157.8751451372482,205.99394476270692,211.70403014786754,67.72009219558447,111.56493380341105,99.01301353611875,45.58791100685322,89.59655533305197,130.61897571148825,20.334564469467637,134.55099705032265,148.85831846080958,105.52623648806716,133.1634454826921,98.05940270456924,94.96666359519716,125.34832161728944
340.1680805804033,77.62581205302489,61.72429417602243,157.87914139875647,205.99597961435737,211.70694643518357,67.71547158227027,111.56826404258976,99.01434286575231,45.58879308974014,89.59975239462474,130.61867017050565,20.33376258571609,134.55179613089194,148.85733468848974,105.52632277120733,133.16375557835727,98.05591426839305,94.96684284878091,125.33872272493164
340.1740463807933,77.62549153443821,61.71923650472381,157.88267672079564,205.99775004851097,211.70947036706013,67.71141725974024,111.57120929858104,99.0155244383069,45.58963586069928,89.60258785718193,130.61840136569108,20.33308148499124,134.5524935757136,148.85645741278108,105.52640460617242,133.1640002212994,98.052840263276,94.96696195466575,125.33031284457734
340.1792609352532,77.62520814168252,61.71476802652713,157.8858027442311,205.99929167167238,211.71165658855284,67.70785926711298,111.57381395738832,99.01657378466318,45.59043487058034,89.60510122945507,130.61816529267207,20.332502447051276,134.55310284729495,148.8556757767778,105.52648142537547,133.16419137785726,98.05013142433674,94.96703374521026,125.32294444630479
340.18381983385126,77.62495760508352,61.71081908919308,157.88856559571866,206.00063508400606,211.71355187796027,67.70473638045634,111.57611733600854,99.01750497343181,45.59118749324357,89.60732797265109,130.6179582929458,20.33200972098353,134.5536355251665,148.85497991564603,105.52655293078597,133.16433897613854,98.04774436747614,94.9670686867536,125.31648834249953
340.18780632392156,77.62473614519826,61.70732842416764,157.89100642687234,206.00180661806928,211.71519631428038,67.70199500580077,111.5781542489446,99.01833071450311,45.5918925221138,89.60929986064721,130.61777704583452,20.331590045572156,134.55410158665268,148.8543608863829,105.52661902549272,133.16445123778033,98.0456408797136,94.96707528602658,125.31083140202554
340.191292936556,77.62454041574856,61.70424211563295,157.89316191024218,206.00282896299024,211.71662426660373,67.69958821511138,111.57995551420112,99.01906246287425,45.59254984205002,89.61104531994759,130.61761855401656,20.331232248244284,134.55450964298169,148.8538105985876,105.52667975978905,133.16453495773138,98.04378729709852,94.96706042960663,125.30587454998621
340.19434289275927,77.62436745351727,61.7015126994847,157.8950646935622,206.00372169271054,211.71786523328888,67.6974749062968,111.58154840461404,99.01971052050321,45.593160163513545,89.61258974757763,130.61748012493376,20.330926909578196,134.5548671382435,148.8533217472016,105.52673528896935,133.16459573986157,98.04215395895008,94.96702966713147,125.30153101730232
340.19701132021487,77.62421463426753,61.69909837541353,157.8967438141927,206.004501713757,211.7189445543055,67.69561907091536,111.58295704993827,99.02028413459185,45.593724808177676,89.61395580610413,130.61735934979674,20.33066608253213,134.55518051739108,148.85288774791297,105.52678584053547,133.16463819509949,98.04071472871553,94.9669874473139,125.29772480882428
340.19934630706416,77.62407963389307,61.69696231750903,157.89822507597916,206.00518364540568,211.7198840164025,67.69398915545625,111.58420279468663,99.02079159120947,45.59424553693056,89.61516369571146,130.61725408145747,20.330443057361634,134.555455368401,148.85250267570873,105.52683168893489,133.16466610783732,98.0394465730456,94.96693731438216,125.2943893626232
340.2013898152551,77.6239603941284,61.69507207073924,157.89953139092302,206.0057801429537,211.72070236763975,67.69255750397856,111.58530451629137,99.02124030356248,45.59472441273801,89.61623140379567,130.61716241206744,20.33025216469815,134.55569654282465,148.8521612068877,105.52687313630234,133.16468257550432,98.03832919180383,94.9668820713688,125.29146637653746
340.20317847276397,77.62385509224589,61.6933990223279,157.90068308813466,206.0063021730396,211.72141575520948,67.69129987153025,111.58627890775279,99.02163689451663,45.59516369210125,89.61717493290874,130.6170826511717,20.33008861051382,134.55590825823154,148.85185856471026,105.52691049796452,133.16469012548697,98.03734469268362,94.96682391565335,125.28890478105308
340.204744261232,77.62376211424956,61.69191793849491,157.90169819254623,206.00675924848133,211.7220380982836,67.69019499918087,111.58714072855349,99.02198727320634,45.595565739905474,89.61800850813088,130.61701330468168,20.32994833773969,134.55609418544975,148.85159046875495,105.52694409170499,133.1646908129493,98.03647730492935,94.96676455130515,125.28665984022042
340.20611511321295,77.62368003114217,61.69060655827293,157.90259267581342,206.00715962888512,211.72258140578572,67.68922424271915,111.58790302725538,99.02229670573426,45.59593296334204,89.61874476510098,130.61695305501485,20.329827910172433,134.55625752301444,148.85135308796941,105.5269742299801,133.1646863025701,98.03571312736509,94.96670528204581,125.28469236460364
340.2073154312296,77.62360757789972,61.68944523719269,157.90338068175168,206.00751049226437,211.7230560474418,67.68837124811691,111.58857733886022,99.02256988008818,45.59626776132866,89.61939492001598,130.61690074257172,20.32972441502708,134.5564010608307,148.85114299734028,105.52700121443576,133.16467793675486,98.03503990654579,94.96664708803898,125.28296802226511
340.2083665391333,77.62354363483519,61.688416634564504,157.90407472854275,206.0078180820687,211.72347098516747,67.68762166776828,111.5891738597042,99.02281096548826,45.596572486470485,89.61996892293935,130.61685534863466,20.329635381095525,134.55652723472284,148.85095713806137,105.52702533220433,133.16466679248623,98.03444684137347,94.96659068919784,125.28145673554121
340.2092870748065,77.62348721107372,61.6875054388938,157.90468588982148,206.00808783332167,211.72383397075728,67.68696291229763,111.58970160237283,99.02302366643724,45.59684941712121,89.62047559574901,130.6168159797104,20.32955870997195,134.55663817326558,148.85079278104655,105.52704685356633,133.1646537286424,98.0339244109788,94.96653659726638,125.28013215289921
340.21009333200107,77.62343742989628,61.68669812667086,157.90522395661748,206.00832448098265,211.72415171492185,67.6863839334086,111.59016853286256,99.02321127178288,45.59710073753389,89.62092275601898,130.61678185329356,20.329492618224542,134.556735738065,148.85064749361132,105.52706603064652,133.16463942532667,98.03346422306606,94.96648515856378,125.2789711865055
340.21079955804026,77.62339351573817,61.68598275038475,157.90569758198686,206.0085321531605,211.72443003194553,67.68587503383486,111.5905816919801,99.02337669912242,45.59732852444888,89.62131732807423,130.6167522849982,20.329435588741354,134.55682155846822,148.85051910913478,105.52708309688387,133.16462441650998,98.03305888026476,94.96643658897361,125.2779536073086
340.2114182131978,77.62335478265483,61.68534875214083,157.90611441003028,206.00871445139887,211.72467396358343,67.68542770096238,111.59094730275638,99.02352253488682,45.59753473876457,89.62166544239128,130.61672667698397,20.329386329768926,134.5568970615245,148.8504056995057,105.5270982670695,133.16460911708157,98.03270186233274,94.96639100250012,125.27706169046544
340.2119601967786,77.62332062408885,61.68478679972104,157.90648119085634,206.00887451991153,211.7248878852658,67.68503446113571,111.59127086545989,99.02365107044122,45.59772122118366,89.6219725244433,130.61670450759175,20.329343740404774,134.55696349788965,148.8503055501553,105.52711173779242,133.16459384522918,98.03238742231812,94.96634843449695,125.27627990483589
340.21243504425274,77.62329050379206,61.68428864232635,157.90680388291793,206.00901510535962,211.72507559721254,67.68468875204407,111.59155724162045,99.0237643345301,45.59788969093311,89.62224337401088,130.61668532209754,20.32930688150727,134.5570219642587,148.85021713748245,105.5271236881683,133.16457884092284,98.03211049501708,94.96630886049054,125.27559464105538
340.212851099211,77.62326394777287,61.68384698358853,157.90708774402367,206.00913860852194,211.72524040266808,67.68438481091646,111.59181072831848,99.02386412238275,45.598041746825594,89.62248223590191,130.61666872449126,20.329274951155384,134.5570734228203,148.8501391084809,105.52713428075515,133.1645642811518,98.03186661626543,94.96627221136754,125.27499397338093
340.2132156634075,77.62324053715399,61.68345536974145,157.90733741220768,206.00924712900692,211.72538517513343,67.68411757654502,111.59203512385567,99.02395202177883,45.598178870070825,89.62269286294651,130.61665437018803,20.329247263931823,134.55711871815254,148.85007026238702,105.52714366258257,133.16455029245898,98.03165185177784,94.9662383855672,125.27446745110615
340.2135351277249,77.62321990183875,61.683108091105964,157.90755697753076,206.00934250398416,211.72551241619215,67.68388260340762,111.59223378579773,99.02402943635585,45.59830242836092,89.62287857205943,130.61664195958298,20.329223233421047,134.5571585919149,148.850009534174,105.52715196623966,133.1645369612292,98.03146273440248,94.96620725881203,125.2740059158654
340.2138150865203,77.62320171489552,61.68280009527232,157.90775004578256,206.00942634176926,211.72562430528814,67.68367598637985,111.59240968226823,99.02409760642166,45.59841368084942,89.62304229409105,130.6166312323654,20.329202357412054,134.55719369564036,148.84995597972974,105.52715931098021,133.16452434211234,98.03129620879477,94.96617869181998,125.27360134160685
340.21406043748885,77.62318568757966,61.682526910564945,157.9079197949596,206.0095000509741,211.7257227426118,67.68349429471809,111.59256543727352,99.02415762751548,45.59851378372186,89.62318661812127,130.61662196251294,20.32918420537826,134.55722460188508,148.84990876256467,105.5271658038157,133.16451246490084,98.031149582632,94.96615253636611,125.27324669441523
340.2142754689031,77.62317156492205,61.6822845785492,157.90806902530628,206.00956486583152,211.7258093860799,67.68333451416092,111.59270337074938,99.02421046694207,45.59860379611996,89.6233138307888,130.61661395389274,20.329168407875603,134.55725181395746,148.84986714190723,105.52717154057467,133.16450134012726,98.03102048359574,94.96612863999887,125.27293580971725
340.21446393584125,77.62315912182014,61.682069594492745,157.90820020362617,206.0096218682152,211.7258856832496,67.68319399614201,111.5928255339418,99.02425697848476,45.59868468623395,89.6234259511902,130.6166070364026,20.329154647557633,134.5572757744156,148.84983046205474,105.52717660691425,133.16449096360435,98.03090682144037,94.96610684966336,125.2726632847093
340.21462912681,77.62314815957554,61.681878854827715,157.90831550249817,206.00967200680287,211.7259528988837,67.68307041323328,111.59293374066365,99.0242979154855,45.598757337420224,89.62352476182971,130.61660106259072,20.329142651554694,134.55729687249533,148.849798142858,105.52718107927451,133.1644813200926,98.03080675454676,94.96608701444012,125.2724243841169
340.2147739219852,77.62313850282771,61.681709610776615,157.9084168349649,206.00971611376607,211.72601213877968,67.68296172004804,111.59302959490694,99.02433394246272,45.59882255423601,89.62361183605243,130.61659590469912,20.32913218500449,134.55731545060965,148.84976967122725,105.5271850257702,133.16447238624903,98.03071866043169,94.96606898757177,125.27221495763047
340.2149008441346,77.6231299968392,61.68155942740691,157.90850588520175,206.0097549193166,211.72606437038633,67.68286611892994,111.59311451523504,99.02436564542208,45.59888106831073,89.6236885623486,130.61659145208054,20.32912304555538,134.55733181003893,148.84974459355794,105.52718850701757,133.16446413298564,98.0306411097458,94.96605262791877,125.27203136756759
340.2150121031508,77.62312250509277,61.68142614746884,157.90858413561995,206.00978906439445,211.7261104406553,67.68278202983744,111.59318975633019,99.02439354100055,45.5989335439961,89.62375616587637,130.61658760894449,20.329115058691944,134.5573462159169,148.84972250898193,105.52719157689602,133.16445652734356,98.0305728433483,94.96603780096076,125.27187042549329
340.21510963500356,77.62311590716507,61.68130785944898,157.90865289080787,206.00981911174148,211.7261510915117,67.68270806390757,111.59325642802801,99.02441808456993,45.59898058375491,89.62381572751335,130.61658429239222,20.329108073756245,134.55735890160182,148.84970306335973,105.52719428324559,133.1644495339712,98.03051275209515,94.9660243794388,125.27172933668676
340.215195135816,77.62311009684555,61.68120286934094,157.9087132986715,206.00984555557287,211.7261869732716,67.68264300024606,111.59331551213239,99.02443967741391,45.59902273326267,89.62386820071464,130.61658143070562,20.329101960558162,134.55737007251088,148.8496859439366,105.52719666850308,133.16444311627941,98.0304598590204,94.96601224371624,125.27160565148148
340.2152700916796,77.62310498047273,61.681109675694344,157.9087663690943,206.00986883002884,211.72621865628886,67.68258576554807,111.59336787726994,99.02445867308074,45.59906048620724,89.62391442642453,130.61657896185818,20.329096606484814,134.55737990948595,148.84967087459242,105.52719877027948,133.1644372373339,98.03041330362791,94.96600128192146,125.27149722262666
340.2153358047458,77.62310047546313,61.68102694755614,157.9088129904025,206.00988931656445,211.72624664107235,67.68253541620183,111.59341429201307,99.0244753830032,45.599094288780464,89.62395514626239,130.61657683222035,20.329091914033356,134.55738857174862,148.84965761162232,105.52720062188257,133.16443186053496,98.03037232804441,94.96599138992428,125.27140216792385
340.2153934160608,77.62309650901081,61.68095350496455,157.90885394388843,206.0099073504145,211.72627136708184,67.68249112257132,111.59345543647389,99.02449008146789,45.599124543862246,89.62399101417907,130.61657499543475,20.329087798703043,134.55739619949622,148.84964593999138,105.52720225278819,133.16442695012557,98.03033626481385,94.965982471187,125.27131883748473
340.21544392555415,77.62309301693799,61.680888301696335,157.90888991661745,206.00992322625217,211.72629322038068,67.68245215519096,111.59349191254779,99.02450301000712,45.599151614902674,89.62402260675836,130.61657341143962,20.329084187192528,134.55740291618326,148.849635670012,105.52720368906435,133.16442247156155,98.03030452613913,94.96597443652396,125.27124578503799
340.21548820953666,77.62308994267953,61.68083041000391,157.90892151271814,206.00993720314426,211.72631254029923,67.68241787263871,111.59352425296443,99.02451438127888,45.59917582951134,89.62405043231868,130.61657204562135,20.329081015856733,134.55740883052692,148.84962663439794,105.52720495375175,133.16441839177168,98.03027659440004,94.96596720379604,125.27118174278384
340.21552703602094,77.62308723638574,61.68077900710999,157.90894926333237,206.00994950889222,211.7263296252407,67.68238771088244,111.59355292928541,99.02452438249313,45.59919748276569,89.62407493895294,130.6165708680797,20.32907822938455,134.55741403827062,148.8496186856538,105.52720606720455,133.1644146793305,98.0302520137966,94.96596069756137,125.27112559935672
340.2155610781366,77.6230848541301,61.68073336325511,157.90897363538244,206.00996034383684,211.72634473774409,67.68236117391973,111.59357835897197,99.02453317843637,45.59921684025207,89.6240965216287,130.61656985299055,20.329075779664706,134.55741862373515,148.8496116937629,105.52720704739504,133.1644113045623,98.03023038298454,94.96595484869904,125.27107638051166
340.2155909258775,77.6230827572095,61.6806928311174,157.9089950392937,206.00996988419413,211.72635810890193,67.68233782555345,111.59360091163117,99.0245409141408,45.59923414085417,89.62411552845735,130.61656897805437,20.32907362481202,134.55742266118352,148.84960554414027,105.52720791018555,133.16440823959155,98.03021134858565,94.96594959401867,125.27103323219724
340.2156170963905,77.62308091152664,61.68065683644545,157.90901383579606,206.00997828498117,211.72636994221827,67.68231728216458,111.59362091453644,99.0245477172388,45.59924959930423,89.62413226622849,130.61656822401795,20.329071728330547,134.55742621602184,148.8496001358214,105.52720866957058,133.16440545835206,98.03019459946914,94.96594487586607,125.27099540571979
340.2156400429869,77.62307928704475,61.68062486976365,157.90903034191248,206.00998568258325,211.7263804169794,67.68229920636107,111.59363865750746,99.0245537000396,45.599263408512535,89.62414700529466,130.61656757426084,20.32907005839367,134.5574293458563,148.84959537986026,105.52720933789249,133.16440293656473,98.030179861713,94.96594064173266,125.27096224474033
340.21566016303643,77.62307785730647,61.68059647902607,157.909044836231,206.00999219700685,211.72638969120163,67.68228330139593,111.59365439722382,99.0245589613601,45.59927574169064,89.62415998388215,130.6165670144373,20.32906858722412,134.5574321014237,148.8495911979128,105.527209926033,133.16440065169195,98.03016689416458,94.96593684387409,125.27093317387741
340.21567780488203,77.62307659900932,61.68057126310937,157.90905756354488,206.0099979338578,211.7263979042103,67.68226930626116,111.59366836103885,99.02456358813876,45.59928675428341,89.62417141189448,130.6165665321665,20.329067290559635,134.55743452741058,148.84958752098495,105.52721044358327,133.16439858287526,98.03015548452939,94.96593343894257,125.2709076887174
340.2156932738982,77.62307549163118,61.68054886604792,157.90906873893593,206.01000298607823,211.72640517889783,67.6822569913754,111.59368075035164,99.0245676568578,45.599296585724474,89.6241814742681,130.61656611676472,20.329066147191824,134.5574366631746,148.8495842883268,105.52721089899488,133.16439671086124,98.03014544592544,94.96593038763541,125.27088534705837
340.21570683779856,77.62307451709992,61.680528971925895,157.9090785513675,206.01000743547237,211.7264116237019,67.68224615479312,111.59369174358872,99.02457123479627,45.599305361029025,89.62419033393229,130.61656575901375,20.329065138567962,134.55743854337962,148.84958144645557,105.52721129971336,133.16439501791945,98.03013661384799,94.96592765436193,125.27086576123477
340.215718731287,77.62307365950207,61.68051130035069,157.909087166845,206.01001135404715,211.72641733433954,67.68223661887228,111.59370149884114,99.0245743811339,45.59931319223728,89.62419813441991,130.6165654509607,20.329064248446706,134.55744019855516,148.84957894829313,105.52721165229666,133.16439348775626,98.03012884349579,94.96592520692982,125.27084859138981
340.2157291601326,77.62307290482596,61.68049560244101,157.90909473119632,206.01001480519022,211.72642239532811,67.68222822734454,111.59371015619661,99.02457714792328,45.599320179720976,89.62420500216965,130.61656518574503,20.329063462600153,134.55744165558903,148.84957675240486,105.52721196251986,133.16439210542646,98.03012200741607,94.96592301625131,125.27083353957794
340.2157383047412,77.62307224073521,61.68048165727075,157.9091013725166,206.01001784470557,211.72642688131992,67.6822208427395,111.59371783980264,99.02457958094591,45.599326413364764,89.62421104855622,130.6165649574491,20.329062768555808,134.55744293816133,148.84957482232778,105.5272122354678,133.16439085724477,98.03011599343026,94.96592105606942,125.27082034459539
340.21574632328486,77.62307165636912,61.68046926871624,157.90910720331857,206.01002052172373,211.7264308582745,67.68221434411997,111.5937246596915,99.02458172046599,45.59933197363334,89.62421637168035,130.61656476096908,20.329062155372828,134.55744406712665,148.84957312597803,105.52721247561688,133.1643897306988,98.03011070280718,94.96591930270381,125.27080877744854
340.2157533544448,77.62307114216668,61.68045826266112,157.90911232242303,206.01002287950237,211.72643438448813,67.68220862509062,111.59373071339499,99.02458360189387,45.59933693253453,89.62422105794678,130.6165645919034,20.329061613447884,134.5574450608508,148.8495716351282,105.52721268690738,133.16438871436424,98.03010604865412,94.96591773481578,125.27079863738129
340.21575951981526,77.62307068971148,61.680448484517676,157.90911681662075,206.0100249561302,211.7264375114989,67.68220359204696,111.59373608737312,99.02458525637019,45.59934135448768,89.62422518345545,130.6165644464565,20.329061134346517,134.5574459355074,148.84957032494663,105.52721287280727,133.16438779782357,98.03010195450003,94.96591633319161,125.27078974839289
340.2157649260106,77.62307029159504,61.68043979702877,157.90912076213368,206.01002678514618,211.72644028488276,67.68219916263547,111.59374085827862,99.02458671127985,45.59934529710615,89.62422881522764,130.61656432135567,20.329060710656513,134.5574467053391,148.84956917359105,105.5272130363685,133.1643869715881,98.0300983530479,94.96591508054351,125.27078195618496
340.2157696665121,77.62306994129646,61.680432078318326,157.90912422589912,206.0100283960842,211.72644274495383,67.6821952643995,111.59374509407593,99.02458799070433,45.59934881190178,89.6242320122867,130.61656421377933,20.329060335860362,134.55744738288786,148.84956816185075,105.52721318027668,133.16438622702424,98.03009518507616,94.96591396132692,125.27077512548544
340.21577382328707,77.62306963307628,61.68042522016206,157.90912726669828,206.01002981495242,211.72644492738073,67.68219183358842,111.59374885503172,99.02458911581971,45.599351944918716,89.62423482661049,130.61656412129503,20.32906000422414,134.55744797919766,148.84956727283102,105.52721330689486,133.16438555628415,98.03009239847134,94.96591296157354,125.27076913770237
340.21577746820765,77.62306936188311,61.680419126453515,157.90912993614825,206.01003106465475,211.72644686372954,67.68218881411025,111.59375219459184,99.02459010524683,45.59935473730336,89.62423730397082,130.61656404180601,20.32905971070068,134.55744850399307,148.84956649167526,105.52721341830218,133.16438495224048,98.03008994737633,94.96591206873887,125.27076388886721
340.2157806642951,77.62306912327122,61.68041371184316,157.9091322795736,206.01003216536216,211.72644858194207,67.68218615661047,111.59375516015757,99.02459097535939,45.59935722581645,89.62423948467294,130.616563973505,20.329059450845108,134.5574489658366,148.84956580532022,105.52721351632783,133.16438440842552,98.0300877914406,94.96591127156323,125.27075928783172
340.21578346680997,77.62306891332811,61.68040890053087,157.90913433677227,206.01003313483912,211.72645010675745,67.6821838176619,111.59375779377314,99.02459174055497,45.59935944329309,89.62424140420734,130.6165639148345,20.3290592207411,134.55744937226748,148.84956520228042,105.52721360258107,133.1643839189747,98.03008589515997,94.96591055994531,125.27075525468726
340.2157859242086,77.62306872861068,61.680404625194576,157.90913614268828,206.01003398873115,211.72645146008375,67.68218175905199,111.5937601327344,99.02459241349332,45.59936141905558,89.62424309382385,130.6165638644523,20.32905901693645,134.55744972992346,148.8495646724583,105.52721367847755,133.16438347857394,98.0300842272955,94.96590992482743,125.27075171937891
340.2157880789809,77.62306856608896,61.68040082603943,157.909137728003,206.01003474081784,211.72645266132582,67.682179947156,111.59376221012806,99.02459300530612,45.59936317928388,89.6242445810376,130.6165638212019,20.329058836386743,134.55745004464868,148.84956420697728,105.52721374526267,133.1643830824113,98.03008276036188,94.96590935809132,125.27074862049065
340.21578996838565,77.6230684230967,61.680397449954086,157.90913911965447,206.01003540323552,211.72645372767462,67.68217835238568,111.59376405530915,99.02459352578134,45.599364747347764,89.62424589007459,130.61656378408694,20.329058676406046,134.55745032158814,148.84956379803438,105.52721380403196,133.164382726132,98.03008147017704,94.9659088524638,125.27074590418016
340.2157916250944,77.62306829728765,61.6803944497618,157.90914034129344,206.0100359866735,211.72645467436263,67.6821769487041,111.59376569432413,99.02459398352543,45.599366144104664,89.62424704226434,130.61656375224908,20.329058534623762,134.5574505652714,148.84956343877104,105.52721385574912,133.16438240579737,98.03008033546577,94.96590840143138,125.27074352324503
340.2157930777565,77.62306818659728,61.680391783555734,157.90914141368415,206.01003650054668,211.7264555148892,67.68217571319911,111.59376715028571,99.02459438610595,45.599367388166435,89.62424805638568,130.6165637249491,20.329058408946814,134.55745077968592,148.84956312315904,105.52721390126189,133.16438211784686,98.03007933751076,94.96590799916314,125.27074143630418
340.2157943514942,77.623068089209,61.680389414108944,157.90914235505625,206.01003695314756,211.72645626121988,67.68217462570794,111.59376844370487,99.02459474017692,45.59936849613837,89.62424894897134,130.61656370155026,20.329058297526476,134.55745096834187,148.8495628459003,105.52721394131595,133.16438185906344,98.03007845984547,94.96590764044099,125.27073960708
340.2157954683374,77.62306800352437,61.68038730835065,157.90914318141384,206.0100373517801,211.72645692396222,67.68217366848695,111.59376959278524,99.02459505158926,45.59936948283316,89.62424973457628,130.6165636815044,20.329058198729278,134.55745113432917,148.84956260233866,105.52721397656727,133.16438162654174,98.03007768798393,94.96590732059684,125.27073800376924
340.2157964476038,77.62306792813692,61.680385436901204,157.909143906807,206.01003770287775,211.7264575125214,67.68217282592113,111.59377061368382,99.0245953254876,45.599370361462434,89.62425042601399,130.61656366433948,20.32905811111147,134.55745128036767,148.84956238838242,105.52721400759287,133.1643814176591,98.03007700918275,94.96590703545596,125.27073659849123
340.21579730623324,77.6230678618092,61.68038377365931,157.90914454357014,206.010038012107,211.72645803523773,67.68217208426856,111.5937715207422,99.02459556639565,45.59937114380807,89.62425103456457,130.6165636496492,20.329058033396578,134.55745140885142,148.84956220043588,105.52721403490037,133.16438123004883,98.0300764122318,94.96590678128588,125.2707353668043
340.21579805908016,77.62306780345241,61.680382295435486,157.9091451025313,206.01003828445903,211.72645849950823,67.68217143143549,111.59377232669146,99.02459577829117,45.59937184037555,89.62425157015805,130.61656363708394,20.3290579644557,134.55745152188766,148.8495620353395,105.52721405893627,133.1643810615764,98.0300758872699,94.96590655475055,125.2707342872817
340.2157987191704,77.62306775210855,61.680380981626634,157.90914559319611,206.0100385243301,211.7264589118941,67.68217085677853,111.59377304283387,99.0245959646719,45.59937246053095,89.62425204153581,130.61656362634278,20.329057903290142,134.55745162133104,148.84956189031706,105.52721408009337,133.164380910317,98.03007542562281,94.96590635286893,125.27073334113987
340.21579929792637,77.62306770693476,61.68037981392704,157.9091460239091,206.0100387355925,211.726459278216,67.68217035093055,111.59377367920384,99.02459612861347,45.59937301262353,89.6242524563927,130.61656361716683,20.32905784901617,134.55745170881386,148.84956176292926,105.52721409871724,133.1643807745358,98.03007501966042,94.96590617297797,125.27073251191254
340.2157998053643,77.62306766718947,61.68037877607176,157.90914640199543,206.01003892165699,211.7264596036382,67.68216990564756,111.59377424471083,99.02459627282042,45.599373504095226,89.62425282150215,130.6165636093335,20.329057800851572,134.55745178577277,148.84956165103287,105.52721411511186,133.16438065266968,98.03007466267127,94.96590601269918,125.27073178516491
340.2158002502674,77.6230676322202,61.68037785360876,157.9091467338855,206.01003908552784,211.72645989274307,67.6821695136739,111.59377474726597,99.024596399671,45.59937394157848,89.62425314282649,130.6165636026513,20.329057758103822,134.55745185347212,148.8495615527449,105.52721412954467,133.16438054331053,98.03007434875207,94.96590586990877,125.27073114824319
340.21580064033753,77.62306760145293,61.68037703369647,157.90914702522406,206.0100392298512,211.72646014959716,67.6821691686237,111.59377519389439,99.02459651125656,45.59937433098368,89.62425342561394,130.61656359695564,20.329057720159668,134.55745191302452,148.849561466411,105.52721414225098,133.16438044519043,98.03007407271043,94.9659057427107,125.27073059005492
340.21580098232846,77.62306757438262,61.68037630492411,157.90914728096615,206.0100393569579,211.72646037780962,67.68216886487653,111.59377559083478,99.0245966094162,45.599374677577224,89.62425367448407,130.6165635921051,20.329057686475913,134.55745196540914,148.84956139057783,105.5272141534378,133.16438035716791,98.03007382997944,94.96590562941265,125.2707301008765
340.21580128216243,77.62306755056493,61.68037565715196,157.90914750546145,206.01003946890086,211.72646058058396,67.68216859748557,111.59377594362785,99.02459669576717,45.599374986051224,89.62425389350301,130.6165635879781,20.329057656571333,134.55745201148764,148.84956132396854,105.52721416328724,133.16438027821567,98.03007361654232,94.96590552850438,125.27072967218427
340.2158015450326,77.62306752960893,61.68037508136965,157.90914770252817,206.01003956748838,211.72646076076393,67.68216836209686,111.59377625719463,99.02459677173177,45.59937526058576,89.62425408624975,130.61656358447024,20.329057630019513,134.55745205201822,148.8495612654615,105.52721417195959,133.1643802074094,98.03007342886627,94.96590543863842,125.27072929650653
340.2158017754926,77.62306751117067,61.68037456957014,157.9091478755179,206.01003965431312,211.72646092087402,67.68216815487813,111.59377653590604,99.02459683856071,45.59937550490438,89.62425425587442,130.61656358149185,20.329057606442525,134.55745208766803,148.84956121407131,105.52721417959583,133.1643801439176,98.03007326384417,94.96590535861267,125.27072896729385
340.2158019775354,77.62306749494758,61.680374114637885,157.90914802737274,206.01003973077795,211.72646106315574,67.68216797245633,111.59377678364469,99.02459689735402,45.599375722323735,89.62425440514964,130.61656357896604,20.329057585505375,134.55745211902413,148.84956116893247,105.52721418632008,133.16438008699257,98.03007311874336,94.96590528735501,125.27072867880523
340.21580215466247,77.62306748067343,61.68037371024944,157.9091481606753,206.0100397981185,211.72646118959923,67.68216781186251,111.59377700385946,99.02459694907904,45.599375915797765,89.62425453651576,130.6165635768267,20.329057566911054,134.5574521466031,148.84956112928455,105.5272141922415,133.16438003596193,98.03007299116055,94.96590522390926,125.27072842600839
340.215802309944,77.62306746811399,61.68037335078517,157.9091482776925,206.01003985742304,211.72646130197182,67.68216767048341,111.5937771996143,99.02459699458656,45.599376087957175,89.62425465212061,130.61656357501727,20.329057550396197,134.55745217085936,148.8495610944597,105.52721419745619,133.16437999022133,98.03007287898217,94.96590516742283,125.27072820449239
340.215802446072,77.6230674570632,61.6803730312508,157.9091483804143,206.01003990965012,211.7264614018429,67.6821675460188,111.59377737363113,99.02459703462483,45.599376241144626,89.62425475385457,130.61656357348917,20.329057535727237,134.55745219219284,148.8495610638712,105.5272142020487,133.16437994922765,98.03007278034946,94.9659051171356,125.27072801039085
340.2158025654071,77.62306744733978,61.68037274720781,157.90914847058747,206.01003995564406,211.7264614906063,67.68216743644398,111.59377752832833,99.02459706985198,45.599376377446134,89.62425484338138,130.6165635722008,20.329057522697,134.55745221095526,148.84956103700367,105.52721420609342,133.1643799124928,98.03007269362777,94.96590507237002,125.27072784031495
340.21580267001906,77.6230674387842,61.68037249471144,157.90914854974528,206.0100399961484,211.72646156950006,67.6821673399767,111.59377766585456,99.02459710084679,45.59937649871907,89.62425492216533,130.6165635711165,20.329057511121697,134.5574522274562,148.84956101340447,105.52721420965588,133.16437987957835,98.0300726173796,94.9659050325221,125.27072769129427
340.2158027617228,77.62306743125617,61.68037227025576,157.9091486192337,206.0100400318181,211.72646163962372,67.68216725504823,111.59377778811897,99.02459712811839,45.599376606617085,89.62425499149515,130.61656357020578,20.32905750083827,134.55745224196792,148.84956099267598,105.52721421279371,133.16437985009048,98.0300725503408,94.96590499705363,125.27072756072536
340.2158028421096,77.62306742463221,61.68037207072478,157.9091486802341,206.01004006322998,211.72646170195407,67.68216718027765,111.59377789681801,99.02459715211455,45.599376702612396,89.62425505250499,130.61656356944258,20.32905749170203,134.55745225473,148.84956097446894,105.52721421555765,133.16437982367557,98.0300724913997,94.96590496548495,125.27072744632632
340.21580291257476,77.62306741880369,61.68037189334903,157.90914873378358,206.01004009089206,211.7264617573588,67.68216711444937,111.59377799345913,99.02459717322915,45.599376788015604,89.62425510619305,130.6165635688045,20.32905748358457,134.55745226595317,148.84956095847662,105.52721421799235,133.164379800016,98.0300724395787,94.9659049373887,125.27072734609717
340.2158029743416,77.62306741367505,61.68037173566703,157.90914878079252,206.01004011525183,211.72646180660877,67.68216705649337,111.59377807938193,99.02459719180864,45.599376863993356,89.62425515343777,130.6165635682725,20.329057476371926,134.5574522758228,148.84956094442953,105.52721422013715,133.16437977882674,98.0300723940182,94.96590491238415,125.27072725828504
340.2158030284829,77.62306740916222,61.68037159549094,157.90914882206,206.01004013670337,211.72646185038883,67.68216700546775,111.59377815577695,99.02459720815776,45.59937693158413,89.62425519501227,130.61656356783033,20.32905746996294,134.557452284502,148.849560932091,105.52721422202663,133.16437975985195,98.03007235396228,94.9659048901321,125.27072718135366
340.2158030759391,77.62306740519121,61.68037147087615,157.90914885828738,206.0100401555937,211.72646188930742,67.68216696054333,111.59377822370215,99.02459722254454,45.59937699171224,89.62425523159692,130.61656356746406,20.329057464267805,134.55745229213417,148.84956092125321,105.52721422369127,133.164379742862,98.03007231874625,94.96590487033043,125.27072711395662
340.21580311753485,77.62306740169694,61.68037136009424,157.90914889009048,206.0100401722285,211.7264619239052,67.68216692099021,111.59377828409784,99.02459723520484,45.59937704520037,89.62425526379049,130.61656356716185,20.329057459206798,134.55745229884553,148.84956091173356,105.52721422515789,133.16437972765084,98.0300722877856,94.96590485271005,125.27072705491395
340.21580315399297,77.62306739862214,61.68037126160887,157.90914891800975,206.01004018687703,211.72646195466257,67.68216688616587,111.59377833779976,99.02459724634606,45.5993770927807,89.6242552921199,130.6165635669136,20.32905745470913,134.55745230474707,148.84956090337167,105.5272142264501,133.16437971403363,98.03007226056641,94.9659048370313,125.2707270031915
340.2158031859474,77.62306739591644,61.68037117405444,157.9091489425196,206.01004019977637,211.7264619820064,67.68216685550465,111.59377838555072,99.02459725615071,45.599377135104824,89.62425531704889,130.61656356671077,20.329057450711947,134.55745230993642,148.84956089602667,105.52721422758869,133.16437970184458,98.03007223663676,94.96590482308076,125.27072695788299
340.2158032139539,77.62306739353551,61.68037109621712,157.90914896403655,206.01004021113528,211.72646200631607,67.6821668285086,111.59377842801098,99.02459726477932,45.599377172752625,89.62425533898555,130.616563566546,20.32905744715942,134.55745231449941,148.8495608895749,105.52721422859196,133.16437969093496,98.03007221559929,94.96590481066838,125.27072691819424
340.21580323849963,77.62306739144033,61.68037102701795,157.90914898292615,206.01004022113767,211.72646202792862,67.68216680473938,111.5937784657674,99.02459727237309,45.59937720624013,89.62425535828899,130.6165635664131,20.329057444001982,134.55745231851162,148.84956088390766,105.52721422947604,133.1643796811714,98.03007219710464,94.96590479962494,125.27072688342926
340.21580326001174,77.6230673895966,61.68037096549783,157.90914899950934,206.01004022994547,211.72646204714368,67.6821667838111,111.59377849934167,99.02459727905631,45.59937723602651,89.62425537527525,130.61656356630684,20.3290574411956,134.55745232203947,148.84956087892954,105.52721423025514,133.16437967243436,98.0300721808456,94.9659047897998,125.27072685297816
340.21580327886477,77.62306738797413,61.68037091080422,157.9091490140678,206.01004023770133,211.72646206422752,67.68216676538401,111.59377852919752,99.02459728493827,45.59937726252036,89.62425539022246,130.61656356622274,20.32905743870117,134.55745232514136,148.8495608745567,105.52721423094174,133.16437966461663,98.03007216655203,94.96590478105881,125.27072682630647
340.2158032953869,77.62306738654635,61.68037086217929,157.90914902684887,206.01004024453084,211.72646207941676,67.68216674915905,111.5937785557472,99.02459729011514,45.59937728608522,89.62425540337534,130.616563566157,20.329057436483943,134.5574523278687,148.8495608707155,105.52721423154685,133.16437965762213,98.03007215398648,94.96590477328259,125.27072680294586
340.21580330986603,77.62306738528989,61.68037081894938,157.90914903806956,206.0100402505446,211.72646209292174,67.68216673487294,111.59377857935718,99.02459729467157,45.59937730704456,89.62425541494926,130.6165635661065,20.32905743451306,134.55745233026667,148.84956086734127,105.52721423208017,133.16437965136473,98.03007214294013,94.96590476636484,125.27072678248598
340.21580332255445,77.62306738418417,61.680370780515645,157.90914904792047,206.01004025584,211.7264621049294,67.68216672229383,111.59377860035328,99.02459729868197,45.59937732568619,89.62425542513377,130.6165635660685,20.32905743276111,134.55745233237502,148.84956086437725,105.52721423255024,133.1643796457672,98.03007213322938,94.96590476021098,125.27072676456723
340.2158033336733,77.6230673832111,61.68037074634575,157.90914905656888,206.01004026050288,211.7264621156059,67.68216671121766,111.59377861902513,99.02459730221186,45.59937734226615,89.62425543409563,130.61656356604078,20.329057431203733,134.55745233422869,148.8495608617735,105.52721423296457,133.16437964076044,98.03007212469282,94.96590475473677,125.27072674887454
340.2158033434165,77.62306738235475,61.680370715966475,157.9091490641616,206.0100402646087,211.72646212509895,67.68216670146478,111.59377863563026,99.02459730531888,45.59937735701225,89.6242554419816,130.6165635660214,20.329057429819287,134.55745233585844,148.84956085948625,105.5272142333298,133.16437963628243,98.03007211718854,94.96590474986726,125.27072673513184
340.21580335195404,77.62306738160113,61.68037068895714,157.90914907082754,206.01004026822403,211.72646213353988,67.682166692877,111.5937786503976,99.02459730805374,45.59937737012716,89.62425544892086,130.61656356600878,20.329057428588538,134.5574523372913,148.849560857477,105.52721423365175,133.1643796322777,98.03007211059176,94.9659047455358,125.27072672309727
340.2158033594349,77.6230673809379,61.68037066494378,157.9091490766799,206.01004027140746,211.72646214104537,67.68216668531507,111.59377866353071,99.02459731046108,45.59937738179115,89.62425545502704,130.61656356600162,20.329057427494405,134.557452338551,148.84956085571193,105.52721423393555,133.1643796286965,98.03007210479278,94.96590474168298,125.2707267125589
340.2158033659897,77.6230673803542,61.68037064359394,157.909149081818,206.01004027421055,211.72646214771913,67.68216667865639,111.5937786752106,99.02459731258016,45.59937739216463,89.62425546040015,130.61656356599877,20.329057426521697,134.55745233965848,148.84956085416133,105.52721423418575,133.16437962549432,98.03007209969515,94.965904738256,125.27072670333106
340.2158033717329,77.62306737984052,61.68037062461208,157.90914908632902,206.01004027667875,211.72646215365344,67.68216667279299,111.59377868559818,99.02459731444553,45.59937740139027,89.62425546512819,130.61656356599934,20.329057425656927,134.5574523406321,148.84956085279916,105.52721423440633,133.16437962263126,98.03007209521408,94.96590473520784,125.27072669525108
340.2158033767648,77.62306737938843,61.680370607735476,157.90914909028953,206.01004027885205,211.7264621589303,67.68216666762984,111.59377869483653,99.02459731608761,45.599377409595,89.62425546928861,130.61656356600253,20.329057424888102,134.55745234148804,148.84956085160252,105.52721423460082,133.1643796200716,98.03007209127504,94.96590473249671,125.27072668817647
340.2158033811734,77.62306737899056,61.68037059273055,157.90914909376676,206.01004028076568,211.72646216362259,67.68216666308328,111.59377870305289,99.02459731753315,45.59937741689171,89.62425547294956,130.61656356600773,20.329057424204564,134.55745234224054,148.84956085055123,105.52721423477229,133.16437961778337,98.0300720878125,94.96590473008536,125.27072668198235
340.2158033850357,77.62306737864037,61.680370579389646,157.90914909681968,206.01004028245066,211.7264621677951,67.68216665907963,111.59377871036038,99.02459731880569,45.59937742338083,89.62425547617099,130.6165635660144,20.329057423596844,134.55745234290205,148.84956084962766,105.52721423492349,133.16437961573794,98.03007208476882,94.96590472794067,125.27072667655938
340.21580338841943,77.62306737833217,61.68037056752818,157.9091490995001,206.0100402839343,211.72646217150543,67.68216665555401,111.59377871685959,99.02459731992597,45.59937742915169,89.62425547900565,130.6165635660222,20.32905742305652,134.5574523434836,148.84956084881628,105.52721423505682,133.16437961390972,98.03007208209335,94.96590472603322,125.27072667181174
340.2158033913837,77.62306737806091,61.68037055698203,157.90914910185347,206.01004028524068,211.72646217480485,67.68216665244934,111.59377872264,99.02459732091222,45.59937743428374,89.62425548150001,130.6165635660307,20.329057422576113,134.55745234399484,148.84956084810347,105.52721423517438,133.1643796122757,98.03007207974159,94.96590472433675,125.27072666765551
340.21580339398054,77.62306737782217,61.68037054760529,157.90914910391973,206.01004028639096,211.72646217773885,67.68216664971531,111.59377872778113,99.0245973217805,45.59937743884766,89.6242554836949,130.61656356603964,20.32905742214897,134.55745234444424,148.8495608474772,105.52721423527805,133.1643796108154,98.03007207767435,94.96590472282797,125.27072666401719
340.2158033962553,77.62306737761205,61.68037053926826,157.9091491057339,206.01004028740377,211.72646218034794,67.68216664730767,111.59377873235371,99.02459732254495,45.59937744290632,89.62425548562629,130.6165635660488,20.329057421769186,134.5574523448393,148.84956084692698,105.52721423536948,133.1643796095104,98.03007207585725,94.96590472148614,125.27072666083237
340.2158033982479,77.6230673774271,61.680370531855615,157.90914910732675,206.01004028829556,211.72646218266812,67.68216664518741,111.59377873642067,99.02459732321798,45.59937744651561,89.6242554873258,130.616563566058,20.3290574214315,134.5574523451866,148.84956084644358,105.52721423545012,133.1643796083443,98.03007207426002,94.9659047202928,125.27072665804465
340.2158033999932,77.62306737726433,61.68037052526483,157.90914910872533,206.01004028908076,211.72646218473142,67.68216664332023,111.59377874003795,99.02459732381053,45.59937744972528,89.62425548882128,130.6165635660671,20.329057421131246,134.55745234549187,148.84956084601887,105.52721423552124,133.16437960730235,98.03007207285607,94.96590471923152,125.27072665560463
340.21580340152195,77.62306737712106,61.68037051940476,157.9091491099533,206.01004028977212,211.72646218656627,67.6821666416759,111.59377874325527,99.02459732433223,45.599377452579546,89.62425549013722,130.61656356607602,20.32905742086427,134.55745234576023,148.84956084564573,105.52721423558398,133.16437960637145,98.03007207162202,94.9659047182877,125.27072665346904
340.21580340286096,77.62306737699495,61.680370514194365,157.90914911103147,206.01004029038089,211.72646218819796,67.6821666402278,111.59377874611688,99.02459732479159,45.59937745511775,89.62425549129519,130.61656356608466,20.32905742062688,134.5574523459961,148.84956084531788,105.5272142356393,133.1643796055398,98.03007207053732,94.96590471744835,125.27072665159999
340.2158034040337,77.62306737688395,61.6803705095616,157.90914911197814,206.0100402909169,211.726462189649,67.68216663895251,111.59377874866212,99.02459732519604,45.59937745737487,89.62425549231413,130.61656356609296,20.3290574204158,134.55745234620343,148.84956084502983,105.5272142356881,133.16437960479686,98.0300720695839,94.96590471670191,125.27072664996429
340.2158034050608,77.62306737678625,61.680370505442404,157.90914911280936,206.01004029138883,211.72646219093943,67.68216663782937,111.59377875092599,99.02459732555215,45.59937745938203,89.62425549321075,130.6165635661009,20.329057420228107,134.55745234638567,148.84956084477673,105.52721423573115,133.1643796041332,98.03007206874585,94.96590471603812,125.2707266485329
340.2158034059603,77.62306737670025,61.68037050177985,157.9091491135392,206.0100402918044,211.726462192087,67.68216663684024,111.59377875293961,99.02459732586573,45.5993774611669,89.62425549399974,130.61656356610843,20.32905742006121,134.5574523465459,148.84956084455436,105.52721423576912,133.1643796035404,98.03007206800925,94.96590471544783,125.27072664728034
340.215803406748,77.62306737662456,61.68037049852328,157.90914911418002,206.0100402921703,211.72646219310758,67.68216663596911,111.59377875473064,99.02459732614184,45.59937746275409,89.62425549469401,130.61656356611553,20.329057419912804,134.55745234668672,148.84956084435896,105.52721423580263,133.16437960301093,98.03007206736181,94.96590471492289,125.27072664618433
340.21580340743776,77.62306737655793,61.6803704956277,157.90914911474272,206.01004029249245,211.72646219401517,67.68216663520191,111.5937787563237,99.02459732638496,45.59937746416549,89.62425549530494,130.61656356612224,20.32905741978084,134.55745234681046,148.8495608441873,105.52721423583219,133.16437960253808,98.03007206679274,94.96590471445607,125.27072664522535
340.2158034080418,77.62306737649928,61.68037049305307,157.9091491152368,206.0100402927761,211.72646219482232,67.68216663452623,111.59377875774067,99.02459732659906,45.59937746542056,89.62425549584252,130.61656356612852,20.32905741966349,134.55745234691926,148.84956084403643,105.52721423585828,133.1643796021158,98.03007206629258,94.96590471404096,125.27072664438634
340.2158034085707,77.62306737644765,61.680370490763806,157.90914911567063,206.01004029302584,211.72646219554014,67.68216663393113,111.59377875900103,99.02459732678759,45.59937746653661,89.62425549631558,130.6165635661344,20.329057419559135,134.55745234701487,148.84956084390387,105.52721423588129,133.16437960173866,98.03007206585295,94.96590471367182,125.27072664365232
340.2158034090338,77.62306737640222,61.68037048872828,157.90914911605157,206.01004029324574,211.72646219617852,67.68216663340701,111.59377876012208,99.0245973269536,45.59937746752904,89.62425549673185,130.61656356613986,20.32905741946634,134.55745234709892,148.8495608437874,105.5272142359016,133.16437960140192,98.03007206546654,94.96590471334356,125.27072664301018
340.2158034094393,77.62306737636221,61.68037048691836,157.90914911638606,206.01004029343937,211.72646219674624,67.68216663294538,111.59377876111924,99.0245973270998,45.59937746841153,89.62425549709815,130.61656356614492,20.329057419383826,134.55745234717278,148.84956084368505,105.5272142359195,133.16437960110125,98.03007206512692,94.96590471305166,125.27072664244845
340.21580340979426,77.62306737632699,61.68037048530904,157.9091491166798,206.01004029360985,211.72646219725112,67.68216663253881,111.5937787620062,99.02459732722855,45.59937746919627,89.62425549742048,130.6165635661496,20.329057419310452,134.5574523472377,148.8495608435951,105.5272142359353,133.16437960083277,98.03007206482842,94.96590471279208,125.27072664195711
340.2158034101051,77.62306737629598,61.68037048387807,157.90914911693773,206.01004029375997,211.72646219770016,67.68216663218071,111.59377876279513,99.02459732734192,45.59937746989408,89.62425549770413,130.61656356615396,20.329057419245203,134.55745234729477,148.8495608435161,105.52721423594926,133.1643796005931,98.03007206456607,94.96590471256127,125.27072664152735
340.21580341037713,77.6230673762687,61.68037048260569,157.9091491171642,206.01004029389213,211.7264621980995,67.6821666318653,111.59377876349689,99.02459732744177,45.59937747051458,89.62425549795373,130.61656356615796,20.329057419187176,134.55745234734493,148.84956084344662,105.52721423596157,133.1643796003791,98.03007206433549,94.96590471235602,125.27072664115147
340.2158034106153,77.62306737624468,61.68037048147431,157.90914911736306,206.01004029400852,211.72646219845467,67.6821666315875,111.5937787641211,99.0245973275297,45.59937747106635,89.62425549817337,130.61656356616163,20.329057419135573,134.55745234738902,148.8495608433856,105.52721423597244,133.16437960018808,98.03007206413281,94.96590471217351,125.27072664082274
340.2158034108238,77.62306737622353,61.68037048046831,157.9091491175377,206.01004029411098,211.72646219877052,67.68216663134282,111.59377876467633,99.02459732760715,45.59937747155698,89.62425549836665,130.61656356616504,20.329057419089686,134.55745234742778,148.84956084333197,105.52721423598203,133.16437960001758,98.03007206395469,94.96590471201122,125.27072664053527
340.2158034110063,77.62306737620492,61.680370479573796,157.90914911769107,206.0100402942012,211.7264621990514,67.6821666311273,111.5937787651702,99.02459732767535,45.59937747199326,89.62425549853673,130.61656356616817,20.32905741904888,134.55745234746183,148.84956084328485,105.5272142359905,133.16437959986538,98.03007206379813,94.96590471186691,125.2707266402839
340.215803411166,77.62306737618852,61.6803704787784,157.90914911782573,206.01004029428063,211.72646219930124,67.68216663093747,111.5937787656095,99.02459732773542,45.59937747238121,89.62425549868638,130.616563566171,20.329057419012592,134.55745234749176,148.8495608432434,105.52721423599797,133.16437959972953,98.03007206366053,94.96590471173859,125.27072664006411
340.2158034113058,77.62306737617409,61.68037047807114,157.909149117944,206.01004029435057,211.72646219952344,67.68216663077025,111.59377876600026,99.02459732778833,45.599377472726175,89.62425549881809,130.61656356617362,20.329057418980323,134.55745234751805,148.849560843207,105.52721423600457,133.16437959960825,98.03007206353959,94.96590471162449,125.27072663987194
340.21580341142817,77.62306737616139,61.68037047744225,157.90914911804782,206.01004029441216,211.72646219972106,67.68216663062296,111.59377876634784,99.02459732783493,45.59937747303292,89.62425549893399,130.616563566176,20.329057418951628,134.55745234754116,148.84956084317503,105.5272142360104,133.16437959950005,98.03007206343331,94.96590471152302,125.27072663970394
340.2158034115352,77.6230673761502,61.68037047688304,157.909149118139,206.0100402944664,211.7264621998968,67.68216663049321,111.59377876665701,99.02459732787597,45.59937747330568,89.62425549903598,130.6165635661782,20.329057418926105,134.55745234756148,148.84956084314692,105.52721423601554,133.1643795994035,98.0300720633399,94.9659047114328,125.27072663955707
340.21580341162894,77.62306737614036,61.680370476385804,157.9091491182191,206.01004029451414,211.7264622000531,67.68216663037893,111.59377876693202,99.02459732791212,45.59937747354822,89.62425549912572,130.6165635661802,20.32905741890341,134.55745234757933,148.84956084312222,105.52721423602007,133.16437959931733,98.03007206325782,94.96590471135258,125.27072663942869
340.2158034117109,77.6230673761317,61.68037047594365,157.9091491182894,206.01004029455618,211.72646220019212,67.68216663027826,111.59377876717664,99.02459732794397,45.599377473763894,89.62425549920471,130.61656356618198,20.329057418883227,134.55745234759502,148.8495608431005,105.52721423602407,133.16437959924042,98.03007206318567,94.96590471128124,125.27072663931646
340.21580341178264,77.62306737612407,61.68037047555049,157.90914911835114,206.01004029459318,211.72646220031572,67.68216663018958,111.59377876739424,99.02459732797202,45.59937747395567,89.62425549927421,130.61656356618363,20.329057418865276,134.55745234760883,148.8495608430814,105.5272142360276,133.1643795991718,98.03007206312226,94.96590471121782,125.2707266392184
340.2158034118454,77.62306737611735,61.68037047520089,157.90914911840537,206.01004029462578,211.7264622004257,67.68216663011148,111.59377876758779,99.02459732799673,45.59937747412619,89.62425549933536,130.61656356618514,20.329057418849313,134.55745234762094,148.84956084306464,105.52721423603072,133.1643795991106,98.03007206306653,94.96590471116141,125.27072663913269
340.2158034119003,77.62306737611144,61.68037047489002,157.909149118453,206.0100402946545,211.72646220052349,67.68216663004267,111.59377876775997,99.02459732801849,45.59937747427783,89.62425549938919,130.61656356618653,20.329057418835117,134.5574523476316,148.8495608430499,105.52721423603347,133.16437959905596,98.03007206301754,94.96590471111126,125.27072663905778
340.21580341194834,77.62306737610623,61.68037047461359,157.90914911849484,206.01004029467975,211.72646220061046,67.68216662998205,111.59377876791311,99.02459732803766,45.59937747441266,89.62425549943656,130.61656356618778,20.329057418822494,134.55745234764095,148.84956084303693,105.5272142360359,133.16437959900722,98.0300720629745,94.96590471106667,125.27072663899233
340.21580341199035,77.62306737610164,61.68037047436779,157.90914911853156,206.010040294702,211.72646220068782,67.68216662992866,111.59377876804933,99.02459732805454,45.59937747453255,89.62425549947824,130.61656356618892,20.329057418811267,134.5574523476492,148.84956084302553,105.52721423603805,133.16437959896373,98.03007206293668,94.96590471102702,125.27072663893516
340.21580341202707,77.62306737609761,61.68037047414922,157.90914911856382,206.0100402947216,211.7264622007566,67.68216662988162,111.59377876817051,99.0245973280694,45.599377474639155,89.62425549951492,130.61656356618994,20.329057418801284,134.5574523476564,148.84956084301552,105.52721423603995,133.16437959892494,98.03007206290343,94.96590471099177,125.27072663888521
340.21580341205924,77.62306737609404,61.68037047395486,157.90914911859215,206.01004029473884,211.7264622008178,67.68216662984018,111.5937787682783,99.0245973280825,45.59937747473395,89.62425549954719,130.61656356619085,20.329057418792402,134.55745234766277,148.8495608430067,105.52721423604163,133.16437959889032,98.03007206287421,94.96590471096042,125.27072663884158
340.2158034120873,77.62306737609092,61.680370473782034,157.90914911861702,206.01004029475405,211.72646220087222,67.68216662980367,111.59377876837418,99.02459732809405,45.59937747481824,89.6242554995756,130.6165635661917,20.329057418784508,134.55745234766835,148.84956084299898,105.52721423604311,133.16437959885945,98.03007206284853,94.96590471093255,125.27072663880347
340.21580341211194,77.62306737608816,61.68037047362835,157.90914911863888,206.01004029476744,211.72646220092062,67.68216662977152,111.59377876845946,99.02459732810422,45.599377474893195,89.6242554996006,130.61656356619247,20.329057418777484,134.55745234767323,148.8495608429922,105.52721423604441,133.16437959883194,98.03007206282598,94.96590471090775,125.27072663877018
340.2158034121335,77.62306737608573,61.68037047349169,157.90914911865806,206.01004029477923,211.72646220096368,67.6821666297432,111.59377876853533,99.02459732811317,45.59937747495984,89.62425549962259,130.61656356619318,20.329057418771235,134.55745234767755,148.8495608429862,105.52721423604557,133.1643795988074,98.03007206280614,94.96590471088571,125.27072663874111
340.21580341215224,77.6230673760836,61.680370473370175,157.90914911867492,206.0100402947896,211.72646220100197,67.68216662971824,111.59377876860282,99.02459732812106,45.5993774750191,89.62425549964195,130.6165635661938,20.32905741876568,134.55745234768133,148.84956084298094,105.52721423604659,133.16437959878547,98.03007206278872,94.96590471086611,125.27072663871573
