0901000010898,0900700015802,0900500010262,0900700012070,0901200012456,0900300011321,0900700011706,0900700014429,0901200010996,0900700014185,0900500013074,0901000012042,0901000010277,0901600010374,0901000010900,090070001159A,0900200010805,0900500012663,0901300011525,0901600010904
177305.39258409507,294629.032697769,246436.5233248837,173469.36678050715,136675.1680820143,256746.68524233572,303837.41137372353,177928.78769172716,224480.8425015658,242864.51396074175,348004.8403031173,251018.54478522428,299147.99587791006,238285.97707132882,178065.1798260946,229680.81392053672,317502.1714487337,168036.43075495824,145142.8666141784,90905.45515855469
239321.85326761435,468391.19328097097,367434.961953303,229416.10793007532,172723.82903340802,411002.08226436423,488624.52962239285,231798.04618902438,349611.2023290345,372141.2039925896,587619.2543042144,400699.05498858995,502889.04207890836,343769.9223748591,239585.71124849684,334631.03532807727,523916.5462142788,207153.1437746561,194202.92013256252,85304.35969257941
259148.4520476889,561382.1082765589,426034.34572462866,245332.135638666,180379.47508817338,502220.27747457253,590021.5888596191,242144.09022490252,421249.4762458477,441063.70687017095,730127.2397813597,486691.6786506393,628922.4881953702,385507.51108753344,258187.07742781247,379979.7948551296,644073.8568617065,209757.89557883109,213676.05365693185,69372.7474538573
261749.73350121366,610712.5633085889,454293.6637591669,245670.68680175062,177703.91845593805,558275.6174891293,645441.2624427101,235810.69263229315,463874.5700130962,479143.383276763,814519.1585887127,536942.643239779,707666.5675800208,398286.91005384584,259262.23425733042,397376.8674635055,714435.0332687076,201041.8545602942,221062.0509218823,54520.588385271716
257624.74304849663,636960.0127549213,467779.5235706299,240272.31765210148,171555.7942123204,594863.6561692567,676097.4948971113,223599.9827523011,490663.7100224837,501454.60470063204,865627.5867957147,567421.2959498035,758660.8985708728,398271.17037101614,253487.88890930914,401812.367166286,756939.9117594694,189768.91034680756,223488.39134420728,42698.73900625859
251327.80142428586,651028.146259529,474102.29602398234,233249.07040310674,164668.5536841136,620472.0126177627,693389.6940849656,209994.4050002536,508590.03607848624,515630.6234869938,897649.417067395,586832.3434453332,793225.9785083291,393010.62909081386,245488.89198628877,400449.2354499629,783788.3937284327,179034.34090737888,224016.68223250844,33729.948520077574
244804.16935069428,658639.2854939041,476982.82283366687,226279.46013789313,158095.45653801435,639646.3097253563,703376.9987621864,196805.81190112885,521339.88227550266,525519.487800298,918509.1293092314,599877.3026400872,817770.9111761523,386004.90391923836,237237.75283927703,396705.5178490682,801644.8717857057,169787.24352831725,223949.0528878151,27016.87924646253
238832.03571501037,662799.0618000424,478232.9683428735,219986.8951704313,152190.2236006559,654832.4475649239,709289.0568577431,184696.5743054789,530884.9087138713,533054.897892399,932636.310248402,609112.1369884389,835940.0453881752,378832.74828271806,229523.1606731616,392193.36099519324,814156.6909507157,162161.94026687832,223808.5038877059,21986.657355181498
233669.11600136236,665095.8306455252,478728.07529815676,214541.62475928047,147020.28854098878,667369.8769133626,712866.5340929708,173838.44582329935,538307.6898901239,539207.3265715183,942545.5085246637,615951.798388995,849850.0711986156,372161.6440339807,222607.30823492236,387652.07120124093,823347.6939130087,156005.61086246668,223776.2798486148,18186.51775690297
229346.9069911352,666377.0010235492,478885.7093069735,209927.47989042854,142543.25901459396,678016.4794165168,715064.7568333242,164201.82366013748,544229.104771049,544465.6499508445,949701.7013219658,621202.7649905295,860773.538863205,366230.4561950428,216524.30537200102,383400.1725480844,830368.1987755483,151087.77418509906,223889.76402675902,15281.809113212606
225804.94291408584,667100.0237304005,478901.23253644566,206059.75552151733,138681.51656697955,687222.938547998,716421.1684422371,155682.569898239,549027.578752185,549080.0211177777,954988.1166498618,625343.309076292,869510.3061873633,361081.1523690809,211215.93092091277,379555.22944578354,835894.5121461164,147180.01022266125,224131.42983398197,13031.583245080596
222951.4779527738,667515.0050008233,478863.356974951,202836.19153347256,135352.5942515055,695275.3212795628,717247.508237677,148156.66406948003,552950.9791358417,553183.6293761542,958958.8382982276,628671.0492953488,876588.7722147548,356670.0241705435,206592.77184465522,376140.86841343687,840341.4903874188,144082.60808128107,224467.6963596539,11263.817184937481
220690.16020749632,667760.348954027,478810.48042081314,200157.86049929445,132480.4773885142,702369.0508200218,717730.9978536656,141502.73424246634,556173.7378434665,556853.2009915019,961976.2590110176,631381.1697504407,882375.6815338265,352920.69547650847,202560.97365035652,373138.78202401183,843976.2307595285,141630.03990897245,224864.83501908364,9855.615676236639
218931.01369711114,667913.3628142958,478757.88143276505,197936.6682431202,129998.874841854,708647.4214396428,717988.2527760771,135610.39614190542,558826.2733055304,560138.6523796904,964287.0508033051,633608.4607011015,887137.0675044367,349748.8992634424,199033.17601427512,370513.82158223615,846979.5672590043,139688.58417058142,225294.56865978288,8718.67298546717
217594.26288199006,668017.3957023035,478710.64854249166,196097.07134283587,127851.29385691245,714221.8770577253,718094.5090189271,130382.45458550999,561010.4948970769,563077.3183685577,966065.1435002019,635450.4063280693,891073.0080311269,347073.5553012287,195932.26301354007,368225.90890454245,849479.9190779849,138151.58193249957,225735.24051957496,7788.980144713415
216610.98438368324,668096.6324203683,478669.68551577744,194575.45459053814,125989.99627851124,719182.9306696686,718099.8407123308,125734.57692308271,562808.332489482,565700.5536639248,967436.7944499602,636980.2498088253,894338.195286752,344821.2341899187,193191.94445950707,366235.4987259497,851572.3762607204,136934.48453119386,226171.2487824789,7019.6523612330475
215922.43940733242,668164.3078763427,478634.4004396433,193318.701213171,124374.69581505502,723606.2715458216,718038.4257874141,121594.03942290219,564286.7521158783,568036.6309882557,968495.7583213471,638254.674809867,897054.672085129,342927.47745339526,190756.03052764904,364505.90132738766,853329.8001913138,135970.45220958133,226591.9457338113,6375.955980655499
215478.93806685111,668227.3572945157,478603.83857434883,192282.61334455668,122971.32436419498,727556.3777329717,717934.0248621857,117898.23930768514,565500.9670836632,570111.8939686823,969312.8455850533,639318.5288536118,899320.1183495788,341336.6755822052,188577.25179892735,363004.0953673434,854809.5257087357,135206.691428817,226990.50293006274,5831.856421986196
215238.61527011398,668289.0980381225,478577.1077415678,191430.44308038504,121750.96983546799,731088.8114623311,717803.3456553081,114593.25637019024,566496.6831081236,571951.1291637633,969942.1985295473,640207.8712879412,901213.5131669499,340001.3361832734,186616.00304088986,361700.83357696456,856057.5820262106,134601.50015761206,227362.92574863991,5367.609869585878
215166.27712110296,668350.800832705,478553.498475424,190731.61829071163,120688.99744846798,734251.7958175621,717658.1903621077,111632.56647875384,567311.7886926337,573577.6219461437,970425.5749838445,640952.036114341,902799.1779764183,338881.1443672938,184839.16791750304,360570.4352361616,857111.4718688835,134121.92033677374,227707.2617455088,4968.070644153087
215232.37494520046,668412.6202592691,478532.4844295205,190160.67279245984,119764.33440754603,737087.3782862808,717506.877593006,108975.93083932773,567977.6950460243,575013.1119381647,970795.3734518625,641575.0901147567,904129.7712748325,337942.00430843374,183219.0800261475,359590.4569742283,858002.0830644444,133741.88612030365,228022.99149468774,4621.490961750556
215412.1184413719,668474.1475882557,478513.6848934677,189696.36193858657,118958.88996385428,739632.3395301907,717355.2152284688,106588.45300102752,568520.4309185939,576277.7414120783,971076.8304795717,642096.9025085927,905248.5708370577,337155.1453501186,181732.63021436415,358741.3331739602,858755.0574280263,133440.7674502594,228310.57228770474,4318.661518572821
215684.72030777135,668534.7368138537,478496.82283970574,189320.93638237903,118257.08419501076,741918.9317661388,717207.1844331801,104439.78440638224,568961.5509083112,577390.0314923455,971289.6526669463,642533.9536516564,906191.2503829494,336496.32419992785,180360.51112858037,358006.02768081916,859391.8060014034,133202.2252956358,228571.10269669635,4052.2898323680643
216032.75777036493,668593.6925576098,478481.69010386773,189019.5468735738,117645.463009455,743975.4939570592,717065.4310610923,102503.45700436503,569318.8935819101,578366.8941482212,971449.2495424135,642899.961123927,906987.2843652549,335945.1298478823,179086.58317815216,357369.7141676985,859930.2843266905,133013.31137474574,228806.07963724848,3816.545909498681
216441.6350144648,668650.3732013842,478468.12207138806,188779.75609467115,117112.38138436837,745826.9721197131,716931.624438864,100756.3227340261,569607.214927912,579223.6766637522,971567.6767797848,643206.3734396313,907661.0713584187,335484.38642969663,177897.34481380665,356819.4907277328,860385.5985884991,132863.75937158198,229017.22482686403,3606.7267839555484
216899.13139264903,668704.2420350891,478455.98078764084,188591.13743176803,116647.7407895756,747495.3632328885,716806.7223409283,99178.08218340905,569838.7169594803,579974.2313862382,971654.3645446119,643462.7649433825,908232.8399141468,335099.6445739866,176781.49103904556,356344.1287515773,860770.4884282346,132745.4261894283,229206.36263321392,3419.0063279632686
217395.02198442127,668754.8868955185,478445.14447304397,188444.94426161618,116242.76993078165,749000.0958910648,716691.1681621016,97750.88742102447,570023.487847626,580631.0030340201,971716.6837220693,643677.1551769555,908719.3835701608,334778.75039393525,175729.54591965064,355933.8537345474,861095.717158907,132651.85090447558,229375.33563014548,3250.2468305634416
217920.75895303994,668802.0212220591,478435.5014905076,188333.8365120719,115889.84041377067,750358.3577372741,716585.038260344,96459.00648658405,570169.8675249859,581205.1267075822,971760.3882474038,643856.2694071371,909134.6600980437,334511.48147090926,174733.55686601583,355580.15477003367,861370.3907286064,132577.90620064957,229525.94762113685,3097.855753159003
218469.20390774196,668845.4747205258,478426.9472007156,188251.65386689853,115582.31081195071,751585.3777230353,716488.1522195279,95288.53918616136,570284.7507289159,581706.5310514724,971789.9618361504,644005.7526132542,909490.2819210276,334289.2400497507,173786.84035591665,355275.6193246214,861602.2207460176,132519.52259380027,229659.9265365377,2959.6758416353423
219034.40303755144,668885.1788045996,478419.38256751746,188193.2270896549,115314.39404286428,752694.6698487645,716400.155271243,94227.1756514943,570373.8377458642,582144.0423333504,971808.8904215533,644130.3462072616,909795.9187037768,334104.79478199536,172883.77044070294,355013.7900599599,861797.7428688011,132473.47003959754,229778.9016060757,2833.900095200239
219611.39811766677,668921.1500314756,478412.7137389934,188154.2206166832,115081.04403618301,753698.2439769262,716320.5796837853,93263.99062507981,570441.8416062483,582525.48636913,971819.8765536523,644234.034612366,910059.6286893855,333952.0634987673,172019.60281551906,354789.04076938063,861962.4991023827,132437.18484693207,229884.390694709,2719.0054236479195
220196.06761539547,668953.4734776823,478406.8521058863,188131.00089783448,114877.85849395861,754606.7884566986,716248.8902005578,92389.26766647713,570492.6591383792,582857.7861786997,971825.0082833635,644320.1672639629,910288.1319847809,333825.9305701986,171190.3284477229,354596.4688374166,862101.1906113863,132408.632407356,229977.79479023707,2613.7004764626527
220784.99306530703,668982.2871738491,478401.7145351159,188120.52601704723,114700.99516996261,755429.8285899404,716184.5173591191,91594.34848540276,570529.5121129779,583147.054008228,971825.892252954,644391.5604352327,910487.0363835674,333722.09337275254,170392.5517731174,354431.80196265905,862217.8062343746,132386.19827036784,230060.39744261868,2516.8843076341705
221375.34667000672,669007.7681821515,478397.22360831476,188120.25296196179,114547.09957813972,756175.8643697207,716126.8816002045,90871.50343360173,570555.0636888262,583398.6769272909,971823.7585821956,644450.5824102395,910661.0242686454,333636.93322933884,169623.38931530045,354291.3171893965,862315.7308435531,132368.60167364587,230133.36755249888,2427.6133910816334
221964.79673893913,669030.1205592087,478393.30778053496,188128.05957916446,114413.24241677028,756852.4904141008,716075.4103876112,90213.8198639313,570571.5144946186,583617.3956327314,971819.5435003466,644499.2248506206,910814.0075182895,333567.4069134705,168880.38528608365,354171.77056455263,862397.8368948546,132354.8268756764,230197.76434619824,2345.075120353567
222551.42812483024,669049.5652356101,478389.9014265434,188142.1787860412,114296.86529143591,757466.5005849956,716029.5500404369,89615.10561956209,570580.6819390547,583807.3763961804,971813.9544039408,644539.1626738731,910949.2560496869,333510.9554281411,168161.44130809553,354070.3359730352,862466.5618981535,132344.06861146033,230254.5436980349,2268.566379916505
223133.67527426267,669066.3317177345,478386.94477225596,188161.14304006472,114195.73355576777,758023.9794137361,715988.7735840902,89069.80537152028,570584.0657159613,583972.2763047435,971807.521030072,644571.8043440508,911069.5046000893,333465.42729502777,167464.7578845137,353984.5519089729,862523.974053591,132335.68875842722,230304.56519901773,2197.476110614858
223710.26589081023,669080.6514488214,478384.38372464164,188183.73741372634,114107.89527854083,758530.3821421608,715952.5856241353,88572.92789747946,570582.9019488243,584115.3020863915,971800.6356591298,644598.3341424862,911177.0415127035,333429.01403262815,166788.78564229654,353912.27511579165,862571.8279145615,132329.18190433944,230348.59954618628,2131.2710416023665
224280.17352882924,669092.7526345495,478382.1696202881,188208.95990539202,114031.64549955007,758990.6049226712,715920.5250145078,88119.98270373259,570578.2079850798,584239.2629006862,971793.5846510782,644619.7477174886,911273.7826202783,333400.19587480684,166132.18470842167,353851.6401782447,862611.6116271815,132324.1479866989,230387.33595569976,2069.4839484435306
224842.57770387063,669102.8563301584,478380.2589143936,188235.98784644145,113965.49506275018,759409.0464957326,715892.1659122132,87706.92464773558,570570.8194915379,584346.6175255718,971786.5731385858,644636.8819935219,911361.3327716321,333377.6960944954,165493.7908551895,353801.02427780925,862644.5870430346,132320.27055109735,230421.38939730788,2011.7039387354516
225396.83033036947,669111.1735923223,478378.6128306229,188264.14945354362,113908.14341928146,759789.6624726851,715867.1176718129,87330.10543029556,570561.4212064543,584439.5163928643,971779.744320487,644650.4403414892,911441.0370998894,333360.44256020477,164872.58728030758,353759.01643241965,862671.8237942087,132317.2994752428,230451.30751698394,1957.5683744222883
225942.4274859102,669117.9035134014,478377.19698952744,188292.89972998993,113858.4548797254,760136.013190225,715845.0239254691,86986.23100230077,570550.572460579,584519.8389270561,971773.1944985336,644661.013764374,911514.0237661276,333347.5353735145,164267.68107825372,353724.39063508285,862694.2282478313,132315.03724262596,230477.57716482828,1906.7561225975871
226478.9856598621,669123.231974303,478375.9810299948,188321.800048073,113815.43786766232,760451.305965975,715825.5611109536,86672.32407727769,570538.728380002,584589.2266303911,971766.9847623406,644669.0987304562,911581.2396128539,333338.2196205782,163678.28361795162,353696.0823859058,862712.5681144034,132313.3280379655,230500.63048171462,1858.9818903126497
227006.22177742768,669127.3309723441,478374.9382349785,188350.5008506528,113778.22678798575,760738.4324683675,715808.4366454164,86385.69106323448,570526.2575201765,584649.1123365404,971761.1500387384,644675.1121848461,911643.4799157692,333331.8624256737,163103.69417357453,353673.16818050377,862727.4933648208,132312.04908592976,230520.85052414727,1813.991448360835
227523.93640222395,669130.3584005603,478374.0451698417,188378.72699834075,113746.06617552592,761000.0018153236,715793.3868926861,86123.8928294559,570513.4565467152,584700.7460290841,971755.7060720867,644679.4041854104,911701.4132197194,333327.9336247641,162543.28626486182,353654.84757639753,862739.5540107912,132311.10377324052,230538.57642510138,1771.5575876136638
228031.9996148258,669132.458173861,478373.281339142,188406.26536239212,113718.2968339712,761238.3699321965,715780.1750332087,85884.71880962292,570500.5624690902,584745.2175918932,971750.6547834077,644682.2685383335,911755.6020775901,333325.9894859947,161996.496254456,353640.4275093222,862749.215219051,132310.41618849244,230554.10810122418,1731.4766817966088
228530.33914407933,669133.7606147396,478372.62886562786,188432.95432503207,113694.34371314,761455.6656278209,715768.5889159483,85666.164014673,570487.76284381,584783.4768282104,971745.9883620433,644683.951749167,911806.5203727556,333325.6589954387,161462.81382556778,353629.3085746151,862756.8701586581,132309.92678891,230567.7105251751,1693.5657545237032
229018.93039482285,669134.3830266674,478372.07219357835,188458.67490064618,113673.70530538316,761653.8137863446,715758.4389486989,85466.40858951898,570475.2042903567,584816.3510550067,971741.6923688753,644684.6605553413,911854.5677913344,333326.63230308023,160941.77402633795,353620.97302607476,862762.8509205121,132309.58896279513,230579.61758718907,1657.659967404065
229497.7880719253,669134.4303967721,478371.59781736176,188483.34323475277,113655.94437012427,761834.5560201751,715749.5560657947,85283.7995990121,570462.9996031465,584844.5605498884,971737.7480709674,644684.568264177,911900.0819157126,333328.65098837856,160432.9506197422,353614.9742767812,862767.43779733,132309.36630375555,230590.03557300117,1623.610461185615
229966.9591479413,669133.9961809893,478371.19403515104,188506.90427432465,113640.67981995997,761999.4690844922,715741.7897989498,85116.83477193813,570451.2336936013,584868.7321000013,971734.1341805964,644683.8200851372,911943.3483321304,333331.4998587923,159935.9505215567,353610.927714094,862770.8671691422,132309.2304504515,230599.14628669445,1591.282494048102
230426.51696159184,669133.1631347062,478370.8507270615,188529.32643397985,113627.57962290577,762149.9813152173,715735.0064669913,84964.14796866817,570439.9685560727,584889.4108763558,971730.8281345197,644682.5376153282,911984.6090797774,333335.0000400268,159450.40914525476,353608.5026650271,862773.33820273,132309.15937554126,230607.1098472992,1560.5538309410736
230876.55626789332,669132.0041601646,478370.559156522,188550.5971087495,113616.35459375614,762287.387319129,715729.0874928217,84824.4961694175,570429.2474182225,584907.0708329403,971727.8070199676,644680.822612216,912024.0697144999,333339.0031549077,158975.9865029655,353607.4153689843,862775.0185423035,132309.1360313276,230614.0671874312,1531.3133457783044
231317.18908906734,669130.5831487309,478370.3117933937,188570.7189063222,113606.75296352006,762412.8611161693,715723.927850505,84696.74780678167,570419.0982092223,584922.1238079724,971725.0482306448,644678.7601664099,912061.9052149984,333343.386419841,158512.3639368195,353607.422832874,862776.0491422673,132309.1472785565,230620.14228116962,1503.4598047329769
231748.54123920767,669128.9558017498,478370.10215719347,188589.70649049827,113598.55562982708,762527.4679092309,715719.4346414397,84579.87228905354,570409.5364566862,584934.9274846283,971722.5299177191,644676.421369575,912098.2649217362,333348.048514779,158059.2413759857,353608.3174592978,862776.5483704302,132309.18303989575,230625.44412693818,1476.9008041274826
232170.7494157613,669127.1704182666,478369.9246787047,188607.58394359073,113591.57200335109,762632.1746352664,715715.5257958332,84472.93058038768,570400.5677047392,584945.7923505168,971720.2312863383,644673.8655575333,912133.2766673885,333352.9061052947,157616.3350321709,353609.92235214665,862776.6154908743,132309.2356316147,230630.0685095075,1451.5518407131462
232583.95876779163,669125.2686415552,478369.7745782634,188624.38256912574,113585.63637590871,762727.859432955,715712.1288938262,84375.06672067991,570392.1895303305,584954.9877789347,971718.1327768629,644671.1421959724,912167.0502315005,333357.8909144474,157183.37546090322,353612.08721582877,862776.3336194251,132309.29923652892,230634.09956348635,1427.335495673484
232988.320865234,669123.2861593097,478369.64775905566,188640.1390677881,113580.60474515885,762815.3201459844,715709.1800994319,84285.50018249158,570384.393222233,584962.7473404096,971716.2161610787,644668.29246552,912199.6802301864,333362.94725819596,156760.1059280365,353614.6847747195,862775.7722308051,132309.36948886336,230637.61115889164,1404.180716606198
233383.99200534567,669121.2533546248,478369.54071384436,188654.89402943954,113576.35203893423,762895.2819669174,715706.6231997752,84203.5189748272,570377.165176677,584969.2734400893,971714.4645766562,644665.3505939711,912231.248533488,333368.0299716427,156346.28103100648,353617.60764848476,862774.9892847589,132309.44314772543,230640.66812763124,1382.022184160237
233771.13180265008,669119.1959066619,478369.45044364565,188668.69069246604,113572.76968932415,762968.4043143232,715704.4087418118,84128.47341436663,570370.4880548397,584974.7413650278,971712.862517655,644662.3449758783,912261.826287799,333373.1026647906,155941.66553277604,353620.76562684483,862774.0330284003,132309.51784068145,230643.32734803966,1360.799752017731
234149.90201717848,669117.1353412193,478369.3743869907,188681.57392890344,113569.76351283144,763035.2870251131,715702.4932586753,84059.77049410914,570364.3417401533,584979.3028152097,971711.3957945958,644659.2991133494,912291.4756080613,333378.1362560995,155546.03337341198,353624.0832942771,862772.9435234867,132309.59186274884,230645.6387029946,1340.457950590729
234520.46558296893,669115.0895324231,478369.310358524,188693.58941993205,113567.25185835632,763096.4759346226,715700.8385779654,83996.868787515,570358.7041273464,584983.0889831344,971710.0514743044,644656.2324065242,912320.2509938267,333383.1077402234,155159.16683007005,353627.49796122045,862771.753940051,132309.6640191512,230647.6459256311,1320.9455462092517
234882.98580480996,669113.0731574558,478369.2564958087,188704.782991578,113565.16398951449,763152.4679087405,715699.4112045843,83939.27383331054,570353.5517700696,584986.2132388069,971708.8178071532,644653.1608176825,912348.200514413,333387.9991531321,154780.855801028,353630.9578636668,862770.4916516265,132309.73350259813,230649.3873452623,1302.2151487584583
235237.625696289,669111.0981067286,478369.2112133241,188715.2000849415,113563.43867196063,763203.7153851571,715698.1817711153,83886.53395230012,570348.8604097322,584988.7734699572,971707.6841473337,644650.0974291301,912375.3668009727,333392.7967035778,154410.8971934568,353634.42059768335,862769.1791620346,132309.79979776792,230650.89654481894,1284.222861717873
235584.54743647555,669109.1738522153,478369.17316274496,188724.88533910364,113562.02294003533,763250.6304744398,715697.1245491746,83838.23645293404,570344.6054046273,584990.854121126,971706.640870265,644647.052911805,912401.7878770978,333397.49004471896,154049.09439799664,353637.85175950464,862767.8348892119,132309.86260719592,230652.202939931,1266.9279693964083
235923.91192616493,669107.3077768344,478369.14119869826,188733.88226813666,113560.87102024817,763293.5886660516,715696.2170156334,83794.00418711842,570340.762075444,584992.5279698164,971705.6792900686,644644.0359188493,912427.4978544067,333402.0716638074,153695.25683601774,353641.22376542346,862766.4738277408,132309.92179398003,230653.3322886905,1250.2926568693724
236255.87842763247,669105.5054678418,478369.11434928107,188742.2330164416,113559.94339190813,763332.9321794898,715695.439468082,83753.4924219152,570337.3059807643,584993.8576731312,971704.7915791513,644641.0534161262,912452.527515231,333406.53637130023,153349.19956779026,353644.51482886286,862765.1081084947,132309.97733767598,230654.30714015084,1234.281758728993
236580.6042743952,669103.770977179,478369.0917907113,188749.9781790286,113559.20596766417,763368.9729963682,715694.7746843781,83716.38599644393,570334.2131340276,584994.897114129,971703.9706912627,644638.1109597504,912476.9048008955,333410.8808736716,153010.7429517422,353647.7080747836,862763.7474710458,132310.02930051667,230655.14722873055,1218.8625332757447
236898.24463962152,669102.1070516565,478369.0728255571,188757.1566753973,113558.62937886677,763401.9956054161,715694.2076215723,83682.3967365284,570331.4601716705,584995.692573451,971703.2102888916,644635.2129290951,912500.6552210602,333415.10341665865,152679.7123466128,353650.7907740149,862762.3996621295,132310.07780169445,230655.86982088728,1204.0044592183126
237208.95235363205,669100.515335738,478369.0568640619,188763.80566742097,113558.1883525425,763432.2594889583,715693.7251499445,83651.26110248688,570329.0244806465,584996.2837485499,971702.5046754932,644632.362722392,912523.8021970588,333419.20348775364,152355.9378496667,353653.75368223415,862761.0707714588,132310.12299792387,230656.49001971015,1189.6790523272966
237512.87776245375,669098.9965495557,478369.0434081415,188769.96051312675,113557.861168422,763460.0013764257,715693.3158182856,83622.73804799328,570326.8842922556,584996.7046400367,971701.8487327679,644629.5629209001,912546.3673500516,333423.1815685047,152039.25406526565,353656.5904702038,862759.765514482,132310.16506888176,230657.02103243442,1175.859699811631
237810.16862066597,669097.5506446228,478369.0320376841,188775.6547495366,113557.62918590588,763485.437287765,715692.9696469462,83596.60707017963,570325.0187481433,584996.9843221824,971701.2378630129,644626.8154266706,912568.3707430363,333427.03892866825,151729.49989903835,353659.2972335231,862758.4874702239,132310.2042064225,230657.47440530697,1162.521510465381
238100.97001285292,669096.1769395452,478369.0223988352,188780.92009881727,113557.47643211707,763508.7643872395,715692.6779455233,83572.66643314336,570323.4079434135,584997.1476124579,971700.6679364401,644624.1215781281,912589.8310842805,333430.7774555028,151426.51837367518,353661.8720716077,862757.2392811268,132310.24060670263,230657.86022971795,1149.6411788729506
238385.42429888068,669094.8742378615,478369.01419398695,188785.78649291195,113557.3892432964,763530.162666001,715692.4331523811,83550.73154879676,570322.0329510272,584997.2156531044,971700.1352432538,644621.482247016,912610.7658985014,333434.3995125495,151130.1564630305,353664.31472688285,862756.022820754,132310.27446453803,230658.18732305762,1137.196862168508
238663.6710789788,669093.6409299653,478369.0071732332,188790.28211261268,113557.35595276803,763549.7964699266,715692.2286934984,83530.63350057829,570320.8758310055,584997.2064160699,971699.6364502277,644618.8979196872,912631.191671076,333437.9078231341,150840.26494176174,353666.6262763019,862754.8393343351,132310.3059694633,230658.46338735058,1125.1680680254412
238935.84717524753,669092.4750809012,478369.00112708134,188794.43343770248,113557.36661955054,763567.8158875431,715692.0588584046,83512.2176969573,570319.9196273962,584997.1351412104,971699.1685614861,644616.3687652453,912651.1239697055,333441.3053745743,150556.69824819049,353668.80886828306,862753.689556371,132310.3353030816,230658.69514835993,1113.5355527079137
239202.0866267495,669091.3745056579,478368.995880242,188798.2653053643,113557.41279243372,763584.3580113638,715691.9186912099,83495.3426429274,570319.1483554905,584997.0147163849,971698.7288831754,644613.8946926388,912670.5775472239,333444.5953397128,150279.31435845033,353670.86549902643,862752.5738088783,132310.36263738334,230658.888477534,1102.2812281525335
239462.52069579985,669090.3368334355,478368.99128634116,188801.80097453707,113557.48730499216,763599.5480846276,715691.8038949552,83479.87881881456,570318.5469813778,584996.856006977,971698.3149917145,644611.4753984779,912689.5664286425,333447.78101292887,150007.9746703039,353672.79982293193,862751.4920833043,132310.38813378586,230659.04849888582,1091.3880771666413
239717.2778834496,669089.3595622114,478368.98722342204,188805.06219430815,113557.58409757647,763613.5005442392,715691.7107477096,83465.70765674097,570318.1013955807,584996.6681414084,971697.924705311,644609.1104070579,912708.1039850074,333450.86575823417,149742.54389527504,353674.61599250697,862750.4441086808,132310.41194270228,230659.17968264507,1080.8400759332033
239966.48395247868,669088.4401048055,478368.9835901215,188808.0692747773,113557.69806282253,763626.3199696408,715691.6360290137,83452.7206059963,570317.7983822289,584996.4587583719,971697.5560584479,644606.7991038379,912726.2029962272,333453.85296743864,149482.88995796285,353676.3185237388,862749.4294081934,132310.43420349195,230659.28592730133,1070.6221231028594
240210.2619564858,669087.5758275085,478368.980302423,188810.84115911997,113557.82491165536,763638.101946391,715691.5769554349,83440.81827938737,570317.6255849781,584996.2342207759,971697.2072790619,644604.5407634224,912743.8757046729,333456.7460266937,149228.8839015878,353677.91218342015,862748.4473460058,132310.45504468033,230659.3706314622,1060.7199748330474
240448.73227388904,669086.7640822335,478368.9772909016,188813.3954958239,113557.96105714669,763648.9338523708,715691.5311241373,83429.90967337422,570317.5714706763,584995.9998007503,971696.8767681452,644602.3345729266,912761.1338610521,333459.54828999063,148980.39979897352,353679.4018953685,862747.4971658955,132310.47458436253,230659.43675677772,1051.1201852038419
240682.01264584344,669086.0022330387,478368.97449838836,188815.74871028075,113558.10351391952,763658.8955737681,715691.4964634986,83419.91145546502,570317.6252916026,584995.7598395075,971696.5630815327,644600.1796514669,912777.9887638174,333462.2630584212,148737.31466829573,353680.7926628741,862746.5780230204,132310.4929307266,230659.48688303103,1041.8100515014762
240910.21821724292,669085.2876777772,478368.97187799186,188817.91607508727,113558.24981108539,763668.0601573032,715691.4711899175,83410.74731294144,570317.777046951,584995.5178853605,971696.2649136476,644598.0750663957,912794.4512931549,333464.8935641991,148499.50839303617,353682.0895050587,862745.6890099259,132310.51018264832,230659.5232563606,1032.7775639145623
241133.46158010856,669084.6178655437,478368.96939142473,188819.91177855694,113558.39791695624,763676.49440454,715691.4537700595,83402.34735752738,570318.01744411,584995.2768127772,971695.9810830015,644596.0198468047,912810.5319404318,333467.4429586038,148266.8636456685,353683.29740513023,862744.8291777347,132310.5264303218,230659.54783146305,1024.0113592357238
241351.85281878134,669083.9903105054,478368.96700758836,188821.7489910635,113558.54617399603,763684.2594135664,715691.4428878727,83394.64758110228,570318.3378601759,584995.0389249756,971695.7105192654,644594.0129947353,912826.2408338326,333469.91430314456,148039.26581467723,353684.42126878403,862743.997553309,132310.541755901,230659.56230852005,1015.5006782035476
241565.4995564314,669083.40260264,478368.96470137814,188823.43992893834,113558.69324267354,763691.4110728326,715691.43741579,83387.58935800358,570318.7303040536,584994.8060422428,971695.4522517401,644592.0534944647,912841.587760795,333472.3105633581,147816.60293457253,353685.4658912342,862743.193153057,132310.5562341333,230659.56816550376,1007.2353261571004
241774.50700247847,669082.852415835,478368.9624526756,188824.99591572676,113558.8380530481,763698.00051148,715691.4363895988,83381.11898986234,570319.1873794207,584994.579577877,971695.2053990783,644590.1403201771,912856.5821877547,333474.63460474974,147598.7656186156,353686.43593156175,862742.4149939455,132310.5699329726,230659.56668643316,999.2056367083889
241978.97800058528,669082.3375137505,478368.9602454994,188826.42744067678,113558.97976307018,763704.0745100884,715691.438986526,83375.18728927961,570319.7022487648,584994.3606034036,971694.9691601191,644588.2724422808,912871.233277624,333476.88919046836,147385.64699401252,353687.3358932424,862741.6621021921,132310.58291416374,230659.55898608465,991.4024381675633
242179.01307694335,669081.855753792,478368.9580672907,188827.74421438924,113559.11772270912,763709.6758754024,715691.4445061381,83369.7491989793,570320.268598655,584994.1499045053,971694.7428057144,644586.448832591,912885.5499053597,333479.0769803771,147177.14263936965,353688.1701098742,862740.9335200367,132310.5952337932,230659.54603159748,983.8170224818423
242374.71048861858,669081.4050895011,478368.9559083127,188828.9552216034,113559.25144313429,763714.843782268,715691.4523537054,83364.7634433725,570320.880606363,584993.9480289146,971694.5256714396,644584.6684685594,912899.5406719144,333481.2005312351,146973.15052423484,353688.9427352583,862740.2283109288,132310.606942803,230659.52866136067,976.4411164724443
242566.16627176502,669080.9835716271,478368.953761147,188830.0687711286,113559.38057027599,763719.6140857096,715691.4620257216,83360.19220973852,570321.5329079109,584993.7553273558,971694.3171510876,644582.9303367084,912913.2139168193,333483.26229775714,146773.57095057325,353689.6577371048,862739.5455634074,132310.61808746684,230659.50760152045,969.266855174623
242753.47428954882,669080.5893481085,478368.9516202713,188831.09254296112,113559.50486217946,763724.0196058098,715691.4730973083,83356.00085647433,570322.2205675961,584993.5719884832,971694.116690862,644581.2334353975,912926.5777296047,333485.26463435707,146578.3064960472,353690.3188937383,862738.8843939144,132310.62870982877,230659.48348040463,962.2867571044704
242936.72627965335,669080.2206631636,478368.9494817068,188832.03363264765,113559.62416964115,763728.090387808,715691.4852112676,83352.15764608773,570322.9390490153,584993.3980686318,971693.9237841913,644579.5767770315,912939.6399602273,333487.20979741483,146387.26195898763,353690.92979326705,862738.2439487346,132310.63884810518,230659.45684112472,955.4937012927805
243116.0119012607,669079.8758556609,478368.94734272314,188832.89859297473,113559.73841968307,763731.8539396157,715691.4980685725,83348.63350081276,570323.6841875922,584993.2335170973,971693.7379670948,644577.959389803,912952.4082286514,333489.0999479367,146200.344304959,353691.49383475684,862737.6234052291,132310.6485370518,230659.4281525832,948.8809059411442
243291.4187814247,669079.5533569148,478368.9452015932,188833.69347307534,113559.84760147885,763735.3354487424,715691.5114201145,83345.40177891162,570324.4521645975,584993.0781975607,971693.5588140404,644576.3803190452,912964.8899336997,333490.9371544996,146017.46261483224,353692.0142310184,862737.0219724982,132310.65780829772,230659.39781908604,942.4419085687998
243463.03256076778,669079.2516880332,478368.94305738935,188834.4238550545,113559.95175439573,763738.5579804517,715691.5250595481,83342.43806989466,570325.2394826333,584992.9319061957,971693.3859342381,644574.8386282598,912977.0922612768,333492.72339639254,145838.5280342899,353692.4940126757,862736.4388915888,132310.66669064845,230659.36618873494,936.1705475307457
243630.9369384487,669078.9694569227,478368.9409098141,188835.09488824033,113560.05095786075,763741.5426587949,715691.5388170893,83339.7200070449,570326.0429425507,584992.7943869224,971693.2189683227,644573.3333998763,912989.0221920453,333494.4605668844,145663.45372469688,353692.93603323284,862735.8734353413,132310.6752103603,230659.33356075265,930.0609447983977
243795.21371635963,669078.7053550419,478368.9387590606,188835.7113211725,113560.14532279775,763744.3088320266,715691.5525541502,83337.22709577187,570326.8596217539,584992.6653442116,971693.0575853817,644571.8637357848,913000.6865086283,333496.1504765593,145492.15481527752,353693.3429749006,862735.3249079537,132310.68339138845,230659.3001918753,924.1074899037746
243955.94284252112,669078.4581539806,478368.9366056976,188836.27753144095,113560.23498441558,763746.8742237708,715691.5661586976,83334.94055644797,570327.6868538435,584992.5444537891,971692.9014802906,644570.4287576845,913012.0918023924,333497.7948566747,145324.54835654487,353693.71735498286,862734.7926443284,132310.6912556107,230659.2663019293,918.3048249569301
244113.20245365246,669078.2267019262,478368.9344505753,188836.79755348805,113560.32009615688,763749.255071182,715691.5795412443,83332.84318049626,570328.5222095475,584992.4313715398,971692.7503713233,644569.0276072777,913023.2444798625,333499.395362505,145160.55327493482,353694.0615326539,862734.2760092556,132310.6988230293,230659.23207869515,912.6478306542392
244267.06891690157,669078.0099200738,478368.9322947479,188837.27510448702,113560.40082464209,763751.4662512357,715691.592631391,83330.9191986045,570329.3634788818,584992.3257408749,971692.6039980055,644567.659446337,913034.150768809,333500.9535766426,145000.09032860058,353694.3777159875,862733.7743964747,132310.70611195255,230659.19768214825,907.1316132022663
244417.61687072436,669077.8067990209,478368.93013941136,188837.71360840654,113560.477345466,763753.5213961818,715691.6053748454,83329.15416003688,570330.2086544856,584992.2271987873,971692.4621191861,644566.323456669,913044.816724041,333502.4710122338,144843.08206432738,353694.66796912055,862733.2872276539,132310.71313915824,230659.16324815567,901.7514920883784
244564.91926490868,669077.6163951852,478368.92798585247,188838.1162183693,113560.54983972285,763755.4329991033,715691.6177308577,83327.53482210319,570331.0559160714,584992.1353807902,971692.3245113024,644565.0188399927,913055.2482329353,333503.9491161329,144689.4527755305,353694.9342194575,862732.8139513116,132310.71992004075,230659.128891697,896.5029886351002
244709.04739974183,669077.4378272748,478368.92583540874,188838.48583740887,113560.61849115306,763757.2125104382,715691.6296700162,83326.04904892559,570331.9036159317,584992.0499249061,971692.1909668195,644563.7448177494,913065.4510207246,333505.3892719623,144539.12846130214,353695.1782648368,862732.3540417065,132310.72646874317,230659.09470967017,891.3818152804827
244850.07096432435,669077.2702728317,478368.9236894358,188838.82513772475,113560.68348381923,763758.8704262461,715691.6411723566,83324.68571871647,570332.7502654475,584991.9704748525,971692.0612928229,644562.5006308563,913075.4306555667,333506.79280306934,144392.03678647525,353695.40178059717,862731.9069977149,132310.7327982762,230659.06078333448,886.3838655315521
244988.05807403463,669077.1129648702,478368.9215492825,188839.1365785324,113560.74500023168,763760.4163689364,715691.6522257419,83323.43463884821,570333.5945225386,584991.896682548,971691.9353097507,644561.2855394174,913085.1925534122,333508.16097537463,144248.10704267363,353695.6063264947,862731.472341708,132310.73892062483,230659.02718043688,881.5052045422499
245123.07530715282,669076.9651886222,478368.9194162708,188839.42242259975,113560.80321985469,763761.8591611059,715691.6628244781,83322.28646805685,570334.4351800026,584991.8282100463,971691.8128502481,644560.0988223979,913094.7419826847,333509.4950001072,144107.27011032077,353695.7933534307,862731.049618443,132310.7448468443,230658.99395706222,876.7420602712293
245255.18774065239,669076.8262784006,478368.9172916813,188839.68475155765,113560.85831793443,763763.2068930813,715691.672968133,83321.23264517768,570335.2711546889,584991.7647309902,971691.6937581334,644558.9397772719,913104.0840687873,333510.7960364261,143969.45842157988,353695.96420996165,862730.6383939757,132310.75058714653,230658.9611592419,872.0908151784708
245384.458985171,669076.6956145882,478368.9151767418,188839.92548006756,113560.91046459757,763764.4669847087,715691.6826605308,83320.26532386191,570336.1014774565,584991.7059316649,971691.5778874636,644557.8077196509,913113.2237984462,333512.065193927,143834.60592419968,353696.120148569,862730.2382546018,132310.75615097763,230658.9288243525,867.5479984229488
245510.9512191724,669076.5726207577,478368.9130726195,188840.1463689245,113560.95982417688,763765.6462418844,715691.6919088985,83319.37731277036,570336.9252838651,584991.6515117176,971691.4651016868,644556.7019828955,913122.1660239024,333513.3035350357,143702.64804624187,353696.2623316737,862729.8488058322,132310.7615470876,230658.89698233068,863.1102785265696
245634.72522231232,669076.4567609241,478368.91098041576,188840.34903716977,113561.0065547264,763766.750908279,715691.700723144,83318.56202078308,570337.7418055538,584991.6011846012,971691.3552728761,644555.6219177181,913130.9154669562,333514.5120772902,143573.52166166622,353696.3918373849,862729.469671405,132310.7667835933,230658.86565672816,858.7744564723214
245755.8404080227,669076.3475369316,478368.90890116233,188840.5349732828,113561.05080769409,763767.786712666,715691.7091152456,83317.81340680232,570338.5503622605,584991.5546777915,971691.2482810349,644554.5668917784,913139.4767228775,333515.6917955137,143447.16505675143,353696.50966497784,862729.1004923377,132310.77186803488,230658.8348656271,854.5374592070634
245874.3548553277,669076.2444859745,478368.9068358197,188840.70554551808,113561.09272772456,763768.7589122338,715691.7170987404,83317.12593376287,570339.3503544421,584991.5117328211,971691.1440134649,644553.5362892747,913147.8542641826,333516.84362388146,143323.51789732976,353696.61674009915,862728.7409260198,132310.7768074267,230658.8046224342,850.3963335216505
245990.32533990758,669076.1471782499,478368.904785277,188840.8620114483,113561.13245256842,763769.6723322219,715691.724688295,83316.4945264956,570340.1412564509,584991.4721051629,971691.0423641938,644552.5295105353,913156.0524442892,333517.96845788625,143202.5211968146,353696.71391970036,862728.3906453478,132310.78160830328,230658.77493656863,846.3482402831721
246103.80736442417,669076.0552147403,478368.90275035216,188841.00552677189,113561.17011307833,763770.5314021984,715691.7318993481,83315.9145331206,570340.9226102324,584991.4355639961,971690.9432334534,644551.5459716106,913164.0755010499,333519.06715620426,143084.1172850008,353696.80199670314,862728.0493379011,132310.78627676074,230658.74581405794,842.3904489959816
246214.85518812438,669075.9682251222,478368.90073179355,188841.1371534379,113561.20583327516,763771.3401892633,715691.738747814,83315.38168967329,570341.6940195072,584991.4018918786,971690.8465272055,644550.5851038675,913171.927560172,333520.1405424674,142968.24977761807,353696.8817044023,862727.7167051602,132310.7908184941,230658.7172580537,838.5203326699382
246323.52185573633,669075.8858657975,478368.89873028186,188841.25786713982,113561.2397304695,763772.1024284423,715691.7452498395,83314.89208769215,570342.455144402,584991.370884348,971690.7521567093,644549.6463535891,913179.6126385279,333521.18940694444,142854.8635466186,353696.95372061315,862727.3924617646,132310.79523883108,230658.68926927703,834.7353629758791
246429.8592256742,669075.8078180426,478368.8967464323,188841.3685642241,113561.27191542675,763772.8215505077,715691.7514216047,83314.44214451918,570343.205696499,584991.342349469,971690.6600381278,644548.7291815792,913187.1346473583,333522.214508136,142743.90469118065,353697.01867157186,862727.0763348106,132310.79954276257,230658.661846404,831.0331056698094
246533.91799756658,669075.7337862708,478368.8947807978,188841.4700680579,113561.30249256556,763773.5007074485,715691.7572791614,83314.02857608591,570343.9454342725,584991.3161073416,971690.5700921676,644547.8330627726,913194.497395375,333523.2165742867,142635.32050940942,353697.077135597,862726.7680631869,132310.80373497034,230658.63498639734,827.4112162686413
246635.74773912405,669075.6634964044,478368.89283387165,188841.56313489669,113561.33156018113,763774.1427957877,715691.7628383053,83313.64837197604,570344.6741588863,584991.2919895839,971690.4822437502,644546.9574858542,913201.7045917636,333524.1963048193,142529.05947071893,353697.12964652263,862726.4673969478,132310.80781985197,230658.60868479306,823.8674359615524
246735.39691236118,669075.5966943485,478368.8909060903,188841.64845928914,113561.35921068613,763774.7504779312,715691.7681144739,83313.29877257414,570345.3917103232,584991.269838799,971690.3964217117,644546.1019528828,913208.7598490921,333525.15437169414,142425.071188877,353697.17669691297,862726.1740967205,132310.81180154346,230658.5829359468,820.3995877421739
246832.91289918765,669075.5331445658,478368.8889978372,188841.72667905537,113561.38553086348,763775.3262017147,715691.773122668,83312.97724812539,570346.0979638237,584991.249508034,971690.3125585271,644545.265978926,913215.6666861281,333526.0914206975,142323.3063956973,353697.2187410684,862725.8879331469,132310.81568393993,230658.55773324566,817.0055727478657
246928.34202638373,669075.4726287429,478368.8871094451,188841.79837987022,113561.41060212621,763775.8722183018,715691.7778773936,83312.68147954624,570346.7928266118,584991.2308602392,971690.2305900586,644544.4490917008,913222.4285305659,333527.00807266333,142223.71691536222,353697.25619783346,862725.6086863573,132310.81947071414,230658.53306929,813.6833667933006
247021.7295899744,669075.4149445472,478368.8852411999,188841.86409948283,113561.43450078012,763776.3905985734,715691.7823926182,83312.40934083937,570347.4762348824,584991.2137677325,971690.1504553242,644543.6508312243,913229.0487216681,333527.90492463077,142126.2556393612,353697.2894532173,862725.3361454743,132310.82316533357,230658.50893604918,810.431017086473
247113.1198790168,669075.3599044657,478368.8833933432,188841.92433159996,113561.45729828629,763776.8832481366,715691.7866817419,83312.15888297845,570348.1481510364,584991.1981116723,971690.0720962856,644542.8707494722,913235.5305128249,333528.782550942,142030.87650202858,353697.3188628361,862725.070108146,132310.82677107578,230658.48532499492,807.2466391160651
247202.55619881506,669075.3073347243,478368.88156607555,188841.97952945952,113561.47906152067,763777.3519210692,715691.7907575793,83311.92831913981,570348.8085611388,584991.1837815449,971689.9954576528,644542.1084100464,913241.8770740321,333529.6415042826,141937.53445666705,353697.34475418844,862724.810380106,132310.83029104248,230658.46222721483,804.128413699864
247290.08089357617,669075.2570742811,478368.8797595592,188842.03010911818,113561.49985302883,763777.7982325079,715691.7946323503,83311.71601116823,570349.4574725879,584991.1706746664,971689.9204867051,644541.3633878513,913248.0914942913,333530.4823166686,141846.18545224128,353697.3674287722,862724.5567747594,132310.83372817235,230658.43963350938,801.0745841846231
247375.73536852098,669075.2089738892,478368.8779739206,188842.0764524756,113561.51973127405,763778.2236701776,715691.7983176796,83311.52045717329,570350.0949119753,584991.1586957028,971689.8471331256,644540.6352687777,913254.1767839352,333531.305500382,141756.78641062815,353697.38716405316,862724.3091127936,132310.8370852528,230658.41753447402,798.083453788407
247459.5601114633,669075.162895226,478368.8762092536,188842.11891005578,113561.53875087772,763778.6296049511,715691.8018246002,83311.34028016221,570350.7209231247,584991.1477562091,971689.7753488496,644539.923649397,913260.1358768793,333532.1115488582,141669.2952044097,353697.4042152944,862724.0672218113,132310.8403649305,230658.39592056887,795.1533830770616
247541.59471387035,669075.1187100839,478368.8744656214,188842.1578035648,113561.55696285106,763779.0173005215,715691.8051635639,83311.17421762194,570351.3355652939,584991.137774188,971689.7050879238,644539.2281366627,913265.9716328039,333532.9009375284,141583.67063519522,353697.41881725425,862723.8309359851,132310.84356972133,230658.37478217733,792.2827875669999
247621.87789141724,669075.0762996178,478368.87274305936,188842.19342824226,113561.57441481743,763779.3879222625,715691.8083444542,83311.0211119715,570351.938911529,584991.1286736696,971689.6363063769,644538.5483476208,913271.6868392667,333533.6741246182,141499.87241245934,353697.4311857624,862723.6000957326,132310.84670201916,230658.35410965563,789.4701354470145
247700.44750404824,669075.0355536481,478368.8710415767,188842.22605502314,113561.59115122502,763779.742545345,715691.8113766029,83310.87990181145,570352.531047157,584991.1203843126,971689.5689621,644537.8839091277,913277.2842137499,333534.4315519062,141417.86113288358,353697.4415191813,862723.3745474109,132310.84976410412,230658.3338933739,786.713945412296
247777.34057555674,669074.996370013,478368.86936115904,188842.2559325248,113561.60721354943,763780.0821621723,715691.8142688082,83310.74961390425,570353.1120684067,584991.1128410238,971689.5030147356,644537.234457577,913282.766405643,333535.1736454441,141337.5982601887,353697.44999976025,862723.1541430278,132310.85275815014,230658.31412375072,784.0127846042835
247852.5933126962,669074.9586539676,478368.86770177016,188842.2832888733,113561.62264048624,763780.4076891924,715691.8170293558,83310.62935582394,570353.6820811481,584991.1059836017,971689.4384255761,644536.5996386339,913288.1359981636,333535.90081623994,141259.0461054458,353697.45679489,862722.9387399715,132310.85568623187,230658.2947912814,781.365266650382
247926.24112383346,669074.9223176284,478368.86606335395,188842.30833338154,113561.63746813347,763780.719973139,715691.819666039,83310.51830921967,570354.2411997414,584991.0997563972,971689.3751574673,644535.9791069772,913293.3955102186,333536.61346090795,141182.167807854,353697.46205826406,862722.7282007538,132310.8585503309,230658.27588656126,778.7700497979573
247998.31863715602,669074.8872794567,478368.8644458362,188842.3312580912,113561.65173016413,763781.0197967497,715691.8221861816,83310.41572364134,570354.7895459837,584991.094107996,971689.3131747217,644535.3725260489,913298.5473982065,333537.31196228554,141106.92731597385,353697.4659309534,862722.52239277,132310.86135234166,230658.25740030463,776.2258351373798
248068.8597184443,669074.8534637818,478368.8628491261,188842.35223918952,113561.66545798903,763781.3078840061,715691.8245966596,83310.32091088075,570355.3272481507,584991.0889909187,971689.2524430361,644534.7795678112,913303.5940577649,333537.9966900195,141033.28936940423,353697.4685424002,862722.3211880715,132310.86409407694,230658.2393233601,773.7313649092089
248137.89748841993,669074.8208003583,478368.86127311754,188842.37143831077,113561.67868091012,763781.5849049344,715691.826903924,83310.2332397849,570355.8544401207,584991.0843613406,971689.1929294158,644534.1999125103,913308.5378254615,333538.6680011237,140961.21948089273,353697.47001133696,862722.1244631518,132310.86677727266,230658.22164672238,771.285420890922
248205.46433968033,669074.7892239576,478368.85971769097,188842.38900373166,113561.69142626463,763781.851480006,715691.8291140222,83310.1521315022,570356.371260578,584991.0801788277,971689.1346021044,644533.6332484487,913313.3809804352,333539.32624050934,140890.68391886813,353697.4704466354,862721.9320987444,132310.86940359254,230658.20436154178,768.8868228588714
248271.5919532301,669074.7586739887,478368.85818271444,188842.40507146926,113561.70371956044,763782.108184169,715691.8312326208,83310.07705512538,570356.8778522866,584991.0764060911,971689.0774305172,644533.0792717615,913318.1257459844,333539.97174148913,140821.64969038471,353697.46994809073,862721.7439796319,132310.87197463232,230658.18745913112,766.5344271214203
248336.3113146196,669074.7290941484,478368.8566680448,188842.41976628941,113561.7155846029,763782.355550544,715691.8332650256,83310.00752369783,570357.3743614301,584991.0730087557,971689.0213851808,644532.5376862017,913322.7742911067,333540.6048262572,140754.0845244684,353697.4686071462,862721.5599944665,132310.87449192366,230658.17093097093,764.2271251194543
248399.65272969985,669074.7004320971,478368.85517352895,188842.43320263288,113561.72704361365,763782.5940738108,715691.8352162038,83309.94309055322,570357.8609370122,584991.0699551462,971688.9664376753,644532.0082029316,913327.3287319914,333541.2258063462,140687.95685585466,353697.4665075613,862721.3800355992,132310.87695693786,230658.15476871282,761.9638420906931
248461.64584000403,669074.6726391596,478368.85369900474,188842.44548546534,113561.7381173416,763782.8242133134,715691.8370908026,83309.88334596046,570358.3377303125,584991.0672160857,971688.9125605819,644531.4905403189,913331.7911334651,333541.8349830619,140623.23580910845,353697.4637260286,862721.2039989199,132310.87937108907,230658.13896418165,759.7435357944462
248522.31963776425,669074.6456700487,478368.85224430205,188842.4567110584,113561.74882516681,763783.0463959052,715691.8388931687,83309.82791404852,570358.8048943917,584991.0647647094,971688.8597274321,644530.9844237405,913336.1635103943,333542.4326478973,140559.89118311676,353697.460332743,862721.0317837046,132310.88173573755,230658.1235093764,757.5651952936513
248581.7024805734,669074.619482609,478368.8508092436,188842.46696770607,113561.75918519718,763783.2610185584,715691.8406273674,83309.77644998775,570359.2625836456,584991.0625762902,971688.8079126619,644530.4895853915,913340.4478290428,333543.01908292767,140497.89343594504,353697.4563919261,862720.8632924724,132310.88405219253,230658.10839647026,755.4278397912235
248639.8221057005,669074.5940375812,478368.84939364577,188842.4763363831,113561.76921435879,763783.4684507552,715691.8422971991,83309.72863740628,570359.7109534002,584991.0606280771,971688.7570915677,644530.0057640995,913344.6460083901,333543.59456118656,140437.21367004764,353697.4519623099,862720.6984308487,132310.8863217149,230658.09361780985,753.3305175179182
248696.70564406793,669074.5692983834,478368.84799731954,188842.48489134863,113561.77892848,763783.6690366813,715691.8439062166,83309.68418602194,570360.1501595465,584991.058899145,971688.707240266,644529.5327051453,913348.7599214073,333544.15934702416,140377.8236178245,353697.4470975826,862720.5371074369,132310.88854551967,230658.0791659137,751.2723046690724
248752.37963389972,669074.5452309097,478368.84662007086,188842.49270070106,113561.78834236968,763783.863097236,715691.8454577411,83309.64282947162,570360.580358211,584991.0573702543,971688.6583356549,644529.0701600882,913352.7913962958,333544.7136964492,140319.69562751497,353697.4418467992,862720.3792336963,132310.89072477844,230658.06503347034,749.2523043877414
248806.8700340485,669074.5218033441,478368.8452617017,188842.4998268866,113561.79746989007,763784.0509318768,715691.8469548767,83309.60432332156,570361.001705459,584991.0560237225,971688.610355378,644528.6178865969,913356.7422176868,333545.2578574553,140262.80264942063,353697.43625475984,862720.2247238259,132310.8928606215,230658.05121333594,747.2696457918944
248860.20223700913,669074.4989859888,478368.84392201016,188842.50632716657,113561.8063240245,763784.2328203093,715691.8484005249,83309.56844324371,570361.4143570284,584991.0548433028,971688.5632777911,644528.175648285,913360.6141278064,333545.79207033204,140207.1182224492,353697.43036235776,862720.0734946555,132310.89495413983,230658.0376985317,745.3234830434574
248912.40108162706,669074.4767511052,478368.8426007917,188842.51225404593,113561.8149169402,763784.4090240393,715691.8497973981,83309.53498334397,570361.8184680907,584991.0538140736,971688.5170819303,644527.7432145516,913364.4088276033,333546.31656796194,140152.61646097153,353697.4242069003,862719.9254655406,132310.89700638712,230658.02448224067,743.4129944571289
248963.49086550897,669074.4550727678,478368.8412978389,188842.51765566674,113561.8232600468,763784.5797877947,715691.8511480319,83309.50375462988,570362.2141930368,584991.0529223344,971688.4717474821,644527.3203604273,913368.1279778449,333546.83157610416,140099.27204198376,353697.4178224038,862719.7805582641,132310.8990183815,230658.0115578049,741.5373816469992
249013.49535714262,669074.4339267289,478368.8400129423,188842.52257616923,113561.83136405051,763784.7453408306,715691.8524547971,83309.47458360609,570362.601685286,584991.0521555113,971688.4272547555,644526.9068664231,913371.7732001785,333547.3373136653,140047.0601925678,353697.41123986506,862719.638696942,132310.9009911072,230657.99891872177,739.6958687091212
249062.43780773375,669074.4132902934,478368.83874589106,188842.5270560228,113561.83923900436,763784.905898127,715691.8537199111,83309.44731098672,570362.9810971172,584991.0515020678,971688.3835846555,644526.5025183852,913375.3460781621,333547.8339929581,139995.95667764219,353697.4044875115,862719.4998079347,132310.9029255161,230657.98655864102,737.8877014382831
249110.34096276667,669074.3931422045,478368.8374964727,188842.5311323303,113561.84689435494,763785.061661487,715691.854945448,83309.42179051533,570363.3525795168,584991.0509514234,971688.340718658,644526.1071073537,913378.8481582634,333548.32181994873,139945.93778799684,353697.39759103046,862719.3638197617,132310.9048225293,230657.97447136094,736.1121465773242
249157.22707329527,669074.3734625363,478368.8362644741,188842.53483910655,113561.85433898552,763785.2128205453,715691.8561333483,83309.39788788292,570363.7162820471,584991.0504938775,971688.2986387867,644525.7204294251,913382.2809508304,333548.800994493,139896.98032860394,353697.3905737807,862719.2306630204,132310.9066830384,230657.96265082504,734.3684910974346
249203.1179069714,669074.3542325963,478368.8350496815,188842.5382075345,113561.8615812562,763785.3595536937,715691.8572854287,83309.37547973634,570364.0723527278,584991.0501205404,971688.2573275903,644525.3422856189,913385.6459310323,333549.27171056264,139849.06160719937,353697.38345698675,862719.1002703098,132310.90850790683,230657.95109111856,732.6560415079562
249248.0347588167,669074.3354348352,478368.8338518808,188842.54126619984,113561.86862904103,763785.50202893,715691.8584033898,83309.3544527692,570364.4209379343,584991.0498232681,971688.2167681218,644524.9724817486,913388.9445397721,333549.7341564612,139802.15942312707,353697.3762599171,862718.9725761572,132310.9102979711,230657.9397864649,730.974123194288
249291.9984617448,669074.3170527623,478368.832670858,188842.54404130642,113561.87548976229,763785.6404046384,715691.8594888246,83309.3347028886,570364.7621823084,584991.0495946025,971688.1769439187,644524.6108282956,913392.1781845748,333550.1885150309,139756.25205644057,353697.3690000486,862718.8475169478,132310.91205404192,230657.9287312223,729.322079782571
249335.0293968392,669074.2990708693,478368.8315063992,188842.54655687374,113561.8821704225,763785.7748303053,715691.8605432261,83309.31613445122,570365.0962286808,584991.0494277176,971688.1378389837,644524.257140288,913395.3482404463,333550.6349638506,139711.31825725513,353697.3616932172,862718.7250308585,132310.91377690533,230657.9179198803,727.6992725298994
249377.14750339356,669074.2814745589,478368.83035829116,188842.54883491824,113561.88867763369,763785.9054471769,715691.8615679939,83309.298659563,570365.4232180053,584991.049316367,971688.0994377673,644523.9112371812,913398.4560507099,333551.07367542514,139667.33723534463,353697.35435375606,862718.6050577947,132310.91546732368,230657.9073470565,726.1050797388725
249418.3722887197,669074.2642500787,478368.82922632113,188842.55089561953,113561.89501764486,763786.0323888636,715691.8625644407,83309.28219743737,570365.7432893026,584991.0492548388,971688.0617251506,644523.5729427435,913401.5029278172,333551.5048173668,139624.2886499772,353697.34699462325,862718.4875393289,132310.91712603663,230657.8970074932,724.538896195361
249458.72283772938,669074.2473844611,478368.82811027736,188842.5527574729,113561.9011963671,763786.1557818947,715691.8635337986,83309.26667380662,570366.0565796129,584991.0492379112,971688.0246864294,644523.2420849443,913404.4901541355,333551.9285525688,139582.15259998385,353697.3396275182,862718.3724186433,132310.91875376203,230657.88689605423,723.0001326284234
249498.21782229512,669074.230865467,478368.827009949,188842.55443742927,113561.90721939702,763786.2757462282,715691.8644772246,83309.25202038256,570366.3632239574,584991.0492608133,971687.9883072989,644522.918495845,913407.4189827128,333552.345039372,139540.9096140543,353697.332262989,862718.2596404743,132310.9203511968,230657.8770077218,721.4882151913631
249536.8755103954,669074.2146815339,478368.82592512656,188842.5559510233,113561.91309203839,763786.3923957201,715691.8653958059,83309.23817436195,570366.6633553071,584991.0493191883,971687.9525738391,644522.6020114949,913410.2906380211,333552.7544317243,139500.54064125492,353697.32491053117,862718.1491510594,132310.9219190178,230657.86733759337,720.002584962966
249574.71377504972,669074.1988217286,478368.8248556017,188842.5573124913,113561.91881932209,763786.5058385552,715691.8662905643,83309.2250779731,570366.9571045581,584991.04940906,971687.917472501,644522.292471827,913413.1063166778,333553.15687933355,139461.02704176307,353697.3175786774,862718.040898087,132310.9234578825,230657.85788087884,718.5426974680126
249611.75010304866,669074.1832757031,478368.82380116766,188842.55853487892,113561.92440602466,763786.616177643,715691.8671624614,83309.2126780603,570367.2446005133,584991.049526801,971687.8829900934,644521.9897205603,913415.8671881463,333553.55252781394,139422.35057781276,353697.31027508096,862717.9348306472,132310.9249684299,230657.84863289742,717.1080222161997
249648.00160348334,669074.1680336535,478368.8227616192,188842.55963014043,113561.92985668543,763786.7235109827,715691.8680124023,83309.20092570275,570367.5259698695,584991.0496691044,971687.8491137705,644521.6936051017,913418.5743954183,333553.94151882676,139384.49340484673,353697.3030065915,862717.8308991865,132310.926451281,230657.83958907498,715.6980422586544
249683.4850160799,669074.1530862828,478368.82173675264,188842.5606092292,113561.93517562235,763786.8279319985,715691.86884124,83309.1897758652,570367.8013372094,584991.049832958,971687.8158310202,644521.4039764528,913421.2290556742,333554.3239902152,139347.43806286977,353697.29577932507,862717.7290554626,132310.92790703964,230657.83074494125,714.3122537612626
249718.21671934339,669074.138424766,478368.82072636613,188842.56148218113,113561.94036694667,763786.9295298482,715691.8696497782,83309.1791870778,570368.0708249989,584991.0500156193,971687.7831296524,644521.1206891185,913423.8322609272,333554.7000761338,139311.16746799857,353697.2885987279,862717.629252502,132310.92933629305,230657.82209612714,712.9501655940744
249752.21273851529,669074.124040718,478368.8197302597,188842.56225819103,113561.94543457648,763787.0283897072,715691.8704387757,83309.16912114236,570368.3345535868,584991.050214593,971687.7509977878,644520.8436010182,913426.3850786483,333555.06990717247,139275.66490420335,353697.28146963497,862717.5314445588,132310.93073961243,230657.81363836225,711.6112989360822
249785.48875334987,669074.1099261639,478368.81874823524,188842.5629456825,113561.95038224934,763787.1245930305,715691.8712089488,83309.15954286326,570368.59264121,584991.0504276112,971687.7194238482,644520.5725733994,913428.8885523737,333555.43361047585,139240.9140152369,353697.2743963242,862717.4355870764,132310.9321175537,230657.8053674723,710.2951868947077
249818.0601057132,669074.0960735118,478368.81778009655,188842.56355237227,113561.95521353383,763787.2182177941,715691.8719609743,83309.15041980057,570368.8452040007,584991.0506526142,971687.6883965465,644520.3074707543,913431.3437022954,333555.79130985774,139206.8987967463,353697.26738256525,862717.3416366491,132310.93347065774,230657.79727937665,709.0013741393601
249849.94180700922,669074.0824755272,478368.81682564947,188842.564085329,113561.95993184035,763787.3093387166,715691.8726954922,83309.14172204379,570369.0923559974,584991.0508877328,971687.6579048767,644520.0481607376,913433.7515258358,333556.14312591107,139173.6035885631,353697.2604316652,862717.2495509866,132310.9347994512,230657.7893700861,707.7294165484659
249881.14854543714,669074.0691253096,478368.8158847019,188842.56455102726,113561.9645404311,763787.3980274647,715691.8734131085,83309.13342200435,570369.3342091574,584991.0511312725,971687.6279381054,644519.7945140881,913436.1129982056,333556.4891761135,139141.01306716783,353697.2535465097,862717.1592888788,132310.93610444682,230657.7816357005,706.478880869393
249911.69469308405,669074.0560162709,478368.8149570638,188842.56495539713,113561.96904242926,763787.484352842,715691.8741143971,83309.1254942254,570369.5708733726,584991.0513816989,971687.5984857627,644519.5464045506,913438.4290729471,333556.829574929,139109.11223832436,353697.2467296008,862717.0708101629,132310.93738614395,230657.77407240655,705.2493443907255
249941.5943128568,669074.0431421153,478368.81404254737,188842.5653038695,113561.97344082763,763787.5683809633,715691.8747999021,83309.11791520735,570369.8024564872,584991.0516376246,971687.5695376341,644519.303708802,913440.7006824624,333557.1644339053,139077.8864298807,353697.23998309183,862716.9840756912,132310.93864502903,230657.7666764757,704.0403946263666
249970.86116525665,669074.0304968209,478368.81314096693,188842.56560141768,113561.97773849647,763787.6501754159,715691.87547014,83309.11066324796,570370.0290643165,584991.051897796,971687.5410837526,644519.0663063776,913442.9287385269,333557.49386176775,139047.32128473156,353697.23330881924,862716.8990473002,132310.939881576,230657.75944426208,702.8516290109777
249999.50871500114,669074.0180746219,478368.81225213886,188842.56585259573,113561.98193819087,763787.7297974083,715691.8761256011,83309.10371829564,570370.2508006685,584991.0521610822,971687.5131143908,644518.8340796009,913445.1141327885,333557.8179645096,139017.40275393956,353697.2267083316,862716.8156877813,132310.94109624668,230657.75237220043,701.6826546062787
250027.55013749597,669074.0058699935,478368.81137588184,188842.56606157328,113561.98604255758,763787.8073059078,715691.8767667518,83309.09706181491,570370.4677673654,584991.052426465,971687.4856200536,644518.6069135139,913447.2577372547,333558.1368454786,138988.11709001075,353697.22018291644,862716.733960852,132310.94228949124,230657.74545680417,700.5330878177622
250054.99832516108,669073.9938776362,478368.8105120167,188842.56623216762,113561.99005414125,763787.8827577673,715691.8773940352,83309.09067666324,570370.6800642678,584991.0526930285,971687.4585914714,644518.3846958107,913449.3604047645,333558.45060546056,138959.45084032137,353697.2137336243,862716.6538311285,132310.94346174848,230657.73869466363,699.4025541213927
250081.86589361395,669073.982092463,478368.8096603667,188842.56636787328,113561.99397539045,763787.9562078437,715691.8780078739,83309.08454697771,570370.887789299,584991.0529599509,971687.4320195933,644518.167316772,913451.4229694495,333558.7593427596,138931.39084069175,353697.2073612915,862716.5752640993,132310.9446134463,230657.73208244395,698.2906877998817
250108.165187714,669073.9705095864,478368.8088207571,188842.56647188874,113561.99780866293,763788.0277091062,715691.8786086703,83309.07865807148,570371.0910384704,584991.0532264962,971687.4058955803,644517.9546692015,913453.446247181,333559.0631532755,138903.92420910439,353697.2010665601,862716.4982260996,132310.945745002,230657.7256168836,697.1971316881511
250133.9082874707,669073.9591243063,478368.8079930155,188842.5665471414,113562.00155623077,763788.0973127374,715691.8791968083,83309.07299633855,570371.2899059076,584991.0534920067,971687.380210799,644517.746648364,913455.4310360067,333559.3621305781,138877.03833956242,353697.1948498968,862716.4226842872,132310.94685682256,230657.7192947924,696.1215369276106
250159.10701381924,669073.9479320997,478368.8071769717,188842.56659631015,113562.00522028505,763788.1650682269,715691.8797726543,83309.06754916656,570371.4844838778,584991.0537558963,971687.3549568163,644517.5431519256,913457.378116574,333559.6563659789,138850.7208960856,353697.1887116099,862716.3486066181,132310.947949305,230657.71311305003,695.063562728898
250183.77293426654,669073.9369286097,478368.80637245777,188842.5666218461,113562.00880294022,763788.2310234585,715691.8803365586,83309.06230485674,570371.6748628165,584991.0540176439,971687.3301253929,644517.3440798951,913459.2882525444,333559.94594860007,138824.9598068402,353697.1826518651,862716.275961824,132310.94902283675,230657.70706860424,694.0228761427408
250207.9173684106,669073.9261096369,478368.80557930795,188842.5666259917,113562.01230623819,763788.2952247903,715691.880888856,83309.0572525505,570371.8611313557,584991.0542767884,971687.3057084777,644517.1493345669,913461.1621909942,333560.23096544115,138799.7432584,353697.1766706995,862716.2047193904,132310.95007779583,230657.70115846943,692.9991518386191
250231.55139333638,669073.9154711303,478368.8047973588,188842.56661079812,113562.01573215198,763788.3577171299,715691.8814298671,83309.05238216213,570372.0433763522,584991.0545329226,971687.2816982032,644516.9588204656,913463.0006628071,333560.5115014428,138775.05969013507,353697.1707680345,862716.1348495351,132310.95111455125,230657.69537972493,691.9920718909193
250254.68584889112,669073.9050091793,478368.804026449,188842.56657814144,113562.01908258941,763788.4185440039,715691.8819598991,83309.047684317,570372.2216829151,584991.0547856889,971687.2580868793,644516.7724442922,913464.8043830552,333560.78763954865,138750.89778872568,353697.1649436881,862716.0663231877,132310.95213346314,230657.68972951366,691.0013255722848
250277.33134284144,669073.8947200056,478368.80326641945,188842.56652973712,113562.02235939624,763788.4777476229,715691.882479246,83309.04315029492,570372.3961344357,584991.0550347745,971687.2348669893,644516.5901148713,913466.5740513698,333561.05946076487,138727.24648279813,353697.15919738525,862715.9991119697,132310.95313488314,230657.68420504057,690.0266091538831
250299.49825591565,669073.884599957,478368.8025171133,188842.56646715355,113562.02556435928,763788.5353689421,715691.8829881905,83309.03877197813,570372.5668126149,584991.0552799078,971687.2120311843,644516.4117431,913468.3103523038,333561.3270442174,138704.09493767977,353697.1535287682,862715.9331881758,132310.95411915463,230657.67880357135,689.0676257123183
250321.19674673348,669073.8746455002,478368.80177837575,188842.56639182437,113562.02869920923,763788.591447717,715691.8834870037,83309.03454180359,570372.7337974928,584991.0555208544,971687.1895722791,644516.2372418983,913470.0139556834,333561.59046720725,138681.43255027066,353697.14793740516,862715.8685247547,132310.9550866129,230657.67352243088,688.1240849429348
250342.43675662606,669073.8648532149,478368.80105005426,188842.5663050598,113562.03176562334,763788.6460225567,715691.8839759463,83309.03045271925,570372.8971674768,584991.0557574136,971687.1674832474,644516.0665261603,913471.6855169516,333561.84980526415,138659.24894402886,353697.14242279856,862715.8050952915,132310.95603758542,230657.66835900204,687.1957029792632
250363.22801434866,669073.8552197879,478368.80033199844,188842.56620805696,113562.03476522787,763788.6991309724,715691.8844552689,83309.02649814387,570373.0569993705,584991.0559894156,971687.1457572174,644515.8995127071,913473.3256775023,333562.1051321976,138637.5339640668,353697.13698439277,862715.7428739903,132310.9569723921,230657.6633107243,686.2822022183761
250383.58004068857,669073.8457420082,478368.79962405993,188842.56610190938,113562.03769960046,763788.7508094236,715691.8849252125,83309.02267193008,570373.213368402,584991.0562167184,971687.1243874683,644515.7361202409,913474.935065006,333562.35652014695,138616.27767235652,353697.1316215806,862715.6818356577,132310.9578913455,230657.6583750925,685.383311151928
250403.5021529707,669073.8364167616,478368.7989260926,188842.56598761567,113562.04057027228,763788.8010933616,715691.8853860096,83309.01896833073,570373.3663482527,584991.0564392051,971687.1033674255,644515.5762692997,913476.5142937272,333562.604039629,138595.47034304065,353697.1263337097,862715.6219556862,132310.95879475094,230657.6535496556,684.4987642026624
250423.00346946315,669073.8272410262,478368.7982379524,188842.56586608762,113562.04337873,763788.8500172686,715691.8858378839,83309.01538196762,570373.5160110854,584991.0566567818,971687.0826906571,644515.4198822144,913478.0639648341,333562.84775958443,138575.10245784736,353697.12112008827,862715.5632100389,132310.95968290686,230657.64883201558,683.628301566184
250442.09291368525,669073.8182118682,478368.7975594972,188842.56573815734,113562.04612641782,763788.8976146965,715691.8862810517,83309.01190780314,570373.6624275716,584991.0568693752,971687.0623508699,644515.2668830655,913479.5846666992,333563.08774742245,138555.16470160632,353697.11597998993,862715.5055752341,132310.96055610495,230657.64421982598,682.7716690577945
250460.77921861998,669073.8093264374,478368.79689058696,188842.56560458412,113562.04881473916,763788.9439183022,715691.886715721,83309.00854111405,570373.8056669201,584991.0570769305,971687.042341906,644515.1171976421,913481.0769751939,333563.3240690639,138535.64795786375,353697.1109126586,862715.4490283306,132310.96141463023,230657.6397107911,681.9286179642074
250479.0709308334,669073.8005819641,478368.7962310838,188842.56546606042,113562.05144505839,763788.9889598804,715691.8871420932,83309.00527746744,570373.9457969043,584991.0572794101,971687.022657739,644514.9707534015,913482.5414539743,333563.55678898294,138516.54330459423,353697.1059173127,862715.3935469136,132310.96225876134,230657.63530266465,681.0989048999579
